[{"pk": 1, "model": "catalog.category", "fields": {"rght": 10, "name": "\u0416\u0435\u043d\u0441\u043a\u0430\u044f \u043e\u0434\u0435\u0436\u0434\u0430", "parent": null, "level": 0, "order": 100, "lft": 1, "tree_id": 1, "slug": "zhenskaya-odezhda"}}, {"pk": 5, "model": "catalog.category", "fields": {"rght": 7, "name": "\u041f\u043b\u0430\u0442\u044c\u044f", "parent": 1, "level": 1, "order": 100, "lft": 2, "tree_id": 1, "slug": "platya"}}, {"pk": 7, "model": "catalog.category", "fields": {"rght": 4, "name": "\u041a\u043e\u0440\u043e\u0442\u043a\u0438\u0435 \u043f\u043b\u0430\u0442\u044c\u044f", "parent": 5, "level": 2, "order": 100, "lft": 3, "tree_id": 1, "slug": "korotkie-platya"}}, {"pk": 8, "model": "catalog.category", "fields": {"rght": 6, "name": "\u0414\u043b\u0438\u043d\u043d\u044b\u0435 \u043f\u043b\u0430\u0442\u044c\u044f", "parent": 5, "level": 2, "order": 100, "lft": 5, "tree_id": 1, "slug": "dlinnyie-platya"}}, {"pk": 6, "model": "catalog.category", "fields": {"rght": 9, "name": "\u041a\u043e\u0444\u0442\u044b", "parent": 1, "level": 1, "order": 100, "lft": 8, "tree_id": 1, "slug": "koftyi"}}, {"pk": 2, "model": "catalog.category", "fields": {"rght": 2, "name": "\u041c\u0443\u0436\u0441\u043a\u0430\u044f \u043e\u0434\u0435\u0436\u0434\u0430", "parent": null, "level": 0, "order": 100, "lft": 1, "tree_id": 2, "slug": "muzhskaya-odezhda"}}, {"pk": 3, "model": "catalog.category", "fields": {"rght": 8, "name": "\u0416\u0435\u043d\u0441\u043a\u0438\u0435 \u0430\u043a\u0441\u0435\u0441\u0441\u0443\u0430\u0440\u044b", "parent": null, "level": 0, "order": 100, "lft": 1, "tree_id": 3, "slug": "zhenskie-aksessuaryi"}}, {"pk": 9, "model": "catalog.category", "fields": {"rght": 7, "name": "\u041f\u0435\u0440\u0447\u0430\u0442\u043a\u0438", "parent": 3, "level": 1, "order": 100, "lft": 2, "tree_id": 3, "slug": "perchatki"}}, {"pk": 10, "model": "catalog.category", "fields": {"rght": 4, "name": "\u041a\u043e\u0436\u0430\u043d\u044b\u0435 \u043f\u0435\u0440\u0447\u0430\u0442\u043a\u0438", "parent": 9, "level": 2, "order": 100, "lft": 3, "tree_id": 3, "slug": "kozhanyie-perchatki"}}, {"pk": 11, "model": "catalog.category", "fields": {"rght": 6, "name": "\u041f\u0435\u0440\u0447\u0430\u0442\u043a\u0438 \u0438\u0437 \u043a\u043e\u0436\u0437\u0430\u043c\u0430", "parent": 9, "level": 2, "order": 100, "lft": 5, "tree_id": 3, "slug": "perchatki-iz-kozhzama"}}, {"pk": 4, "model": "catalog.category", "fields": {"rght": 2, "name": "\u041c\u0443\u0436\u0441\u043a\u0438\u0435 \u0430\u043a\u0441\u0435\u0441\u0441\u0443\u0430\u0440\u044b", "parent": null, "level": 0, "order": 100, "lft": 1, "tree_id": 4, "slug": "muzhskie-aksessuaryi"}}, {"pk": 1, "model": "catalog.brand", "fields": {"name": "Labbra", "slug": "labbra"}}, {"pk": 2, "model": "catalog.brand", "fields": {"name": "Modo Gru", "slug": "modo-gru"}}, {"pk": 3, "model": "catalog.brand", "fields": {"name": "AnyDay", "slug": "anyday"}}, {"pk": 4, "model": "catalog.brand", "fields": {"name": "Elizone", "slug": "elizone"}}, {"pk": 5, "model": "catalog.brand", "fields": {"name": "Galini", "slug": "galini"}}, {"pk": 4, "model": "catalog.color", "fields": {"name": "\u0416\u0435\u043b\u0442\u044b\u0439"}}, {"pk": 2, "model": "catalog.color", "fields": {"name": "\u0417\u0435\u043b\u0435\u043d\u044b\u0439"}}, {"pk": 3, "model": "catalog.color", "fields": {"name": "\u041a\u0440\u0430\u0441\u043d\u044b\u0439"}}, {"pk": 1, "model": "catalog.color", "fields": {"name": "\u0421\u0438\u043d\u0438\u0439"}}, {"pk": 1, "model": "catalog.material", "fields": {"name": "\u043a\u043e\u0436\u0430"}}, {"pk": 3, "model": "catalog.material", "fields": {"name": "\u0441\u0438\u043d\u0442\u0435\u0442\u0438\u043a\u0430"}}, {"pk": 2, "model": "catalog.material", "fields": {"name": "\u0442\u043a\u0430\u043d\u044c"}}, {"pk": 1, "model": "catalog.size", "fields": {"name": "40"}}, {"pk": 4, "model": "catalog.size", "fields": {"name": "42"}}, {"pk": 5, "model": "catalog.size", "fields": {"name": "44"}}, {"pk": 6, "model": "catalog.size", "fields": {"name": "46"}}, {"pk": 2, "model": "catalog.size", "fields": {"name": "60"}}, {"pk": 3, "model": "catalog.size", "fields": {"name": "80"}}, {"pk": 1, "model": "catalog.item", "fields": {"category": 7, "slug": "plate-bench-310017", "art": "310017", "name": "\u041f\u043b\u0430\u0442\u044c\u0435 Bench", "sizes": [1, 5, 6], "color": 1, "season": "", "brand": 1, "material": 1, "at_home": true, "order": 100, "date": "2013-10-11T15:52:28", "price_old": 3100.0, "price": 2517.0, "description": "<p><b>\u0422\u043a\u0430\u043d\u044c \u0432\u0435\u0440\u0445\u0430</b>: 100% \u043f\u043e\u043b\u0438\u044d\u0441\u0442\u0435\u0440<br />\r\n<b>\u041f\u043e\u0434\u043a\u043b\u0430\u0434\u043a\u0430</b>: 100% \u043f\u043e\u043b\u0438\u044d\u0441\u0442\u0435\u0440<br />\r\n<b>\u041e\u0442\u0434\u0435\u043b\u043a\u0430</b>: 97% \u043f\u043e\u043b\u0438\u044d\u0441\u0442\u0435\u0440 3% \u0441\u043f\u0430\u043d\u0434\u0435\u043a\u0441<br />\r\n<br />\r\n\u042d\u043b\u0435\u0433\u0430\u043d\u0442\u043d\u043e\u0435 \u043a\u043e\u043a\u0442\u0435\u0439\u043b\u044c\u043d\u043e\u0435 \u043f\u043b\u0430\u0442\u044c\u0435 \u0434\u043b\u044f \u0441\u0442\u0438\u043b\u044c\u043d\u044b\u0445 \u0434\u0435\u0432\u0443\u0448\u0435\u043a, \u043a\u043e\u0442\u043e\u0440\u044b\u0435 \u043f\u0440\u0438\u0432\u044b\u043a\u043b\u0438 \u0431\u044b\u0442\u044c \u0432 \u0446\u0435\u043d\u0442\u0440\u0435 \u0432\u043d\u0438\u043c\u0430\u043d\u0438\u044f. \u041c\u043e\u0434\u0435\u043b\u044c \u0431\u0435\u0437 \u0440\u0443\u043a\u0430\u0432\u043e\u0432 \u0441 \u043e\u043a\u0440\u0443\u0433\u043b\u044b\u043c \u0432\u044b\u0440\u0435\u0437\u043e\u043c \u0433\u043e\u0440\u043b\u043e\u0432\u0438\u043d\u044b \u0438 \u0441 \u0437\u0430\u0432\u044b\u0448\u0435\u043d\u043d\u043e\u0439 \u043b\u0438\u043d\u0438\u0435\u0439 \u0442\u0430\u043b\u0438\u0438. \u042e\u0431\u043a\u0430 \u0441\u0434\u0435\u043b\u0430\u043d\u0430 \u0438\u0437 \u043f\u043b\u0438\u0441\u0441\u0438\u0440\u043e\u0432\u0430\u043d\u043d\u043e\u0433\u043e \u043c\u0430\u0442\u0435\u0440\u0438\u0430\u043b\u0430 \u0438 \u0434\u0435\u043a\u043e\u0440\u0438\u0440\u043e\u0432\u0430\u043d\u0430 \u043d\u0435\u0441\u043a\u043e\u043b\u044c\u043a\u0438\u043c\u0438 \u0441\u043b\u043e\u044f\u043c\u0438 \u043e\u0431\u043e\u0440\u043e\u043a, \u0447\u0442\u043e \u043f\u0440\u0438\u0434\u0430\u0435\u0442 \u043f\u043b\u0430\u0442\u044c\u044e \u043b\u0435\u0433\u043a\u0438\u0439 \u0438 \u0432\u043e\u0437\u0434\u0443\u0448\u043d\u044b\u0439 \u0432\u0438\u0434. \u0410\u0442\u043b\u0430\u0441\u043d\u044b\u0439 \u043f\u043e\u044f\u0441 \u043f\u0440\u0438\u0432\u043b\u0435\u0447\u0435\u0442 \u0432\u043d\u0438\u043c\u0430\u043d\u0438\u0435 \u043a \u0442\u043e\u043d\u043a\u043e\u0439 \u0442\u0430\u043b\u0438\u0438. \u0418\u0437\u044f\u0449\u043d\u043e\u0435 \u043f\u043b\u0430\u0442\u044c\u0435 \u0441\u0434\u0435\u043b\u0430\u0435\u0442 \u0430\u043a\u0446\u0435\u043d\u0442 \u043d\u0430 \u043f\u043b\u0430\u0432\u043d\u044b\u0445 \u0436\u0435\u043d\u0441\u0442\u0432\u0435\u043d\u043d\u044b\u0445 \u0438\u0437\u0433\u0438\u0431\u0430\u0445 \u0432\u0430\u0448\u0435\u0433\u043e \u0442\u0435\u043b\u0430 \u0438 \u043f\u043e\u0437\u0432\u043e\u043b\u0438\u0442 \u043f\u043e\u0434\u0447\u0435\u0440\u043a\u043d\u0443\u0442\u044c \u0432\u0430\u0448 \u043d\u0435\u043f\u043e\u0432\u0442\u043e\u0440\u0438\u043c\u044b\u0439 \u0432\u043a\u0443\u0441 \u0438 \u0447\u0443\u0432\u0441\u0442\u0432\u043e \u0441\u0442\u0438\u043b\u044f.</p>\r\n"}}, {"pk": 2, "model": "catalog.item", "fields": {"category": 7, "slug": "plate-1-3563254", "art": "3563254", "name": "\u041f\u043b\u0430\u0442\u044c\u0435 1", "sizes": [1, 4], "color": 1, "season": "", "brand": 1, "material": 2, "at_home": true, "order": 100, "date": "2013-10-11T15:56:48", "price_old": 5000.0, "price": 4700.0, "description": "<p><b>\u0422\u043a\u0430\u043d\u044c \u0432\u0435\u0440\u0445\u0430</b>: 100% \u043f\u043e\u043b\u0438\u044d\u0441\u0442\u0435\u0440<br />\r\n<b>\u041f\u043e\u0434\u043a\u043b\u0430\u0434\u043a\u0430</b>: 100% \u043f\u043e\u043b\u0438\u044d\u0441\u0442\u0435\u0440<br />\r\n<b>\u041e\u0442\u0434\u0435\u043b\u043a\u0430</b>: 97% \u043f\u043e\u043b\u0438\u044d\u0441\u0442\u0435\u0440 3% \u0441\u043f\u0430\u043d\u0434\u0435\u043a\u0441<br />\r\n<br />\r\n\u042d\u043b\u0435\u0433\u0430\u043d\u0442\u043d\u043e\u0435 \u043a\u043e\u043a\u0442\u0435\u0439\u043b\u044c\u043d\u043e\u0435 \u043f\u043b\u0430\u0442\u044c\u0435 \u0434\u043b\u044f \u0441\u0442\u0438\u043b\u044c\u043d\u044b\u0445 \u0434\u0435\u0432\u0443\u0448\u0435\u043a, \u043a\u043e\u0442\u043e\u0440\u044b\u0435 \u043f\u0440\u0438\u0432\u044b\u043a\u043b\u0438 \u0431\u044b\u0442\u044c \u0432 \u0446\u0435\u043d\u0442\u0440\u0435 \u0432\u043d\u0438\u043c\u0430\u043d\u0438\u044f. \u041c\u043e\u0434\u0435\u043b\u044c \u0431\u0435\u0437 \u0440\u0443\u043a\u0430\u0432\u043e\u0432 \u0441 \u043e\u043a\u0440\u0443\u0433\u043b\u044b\u043c \u0432\u044b\u0440\u0435\u0437\u043e\u043c \u0433\u043e\u0440\u043b\u043e\u0432\u0438\u043d\u044b \u0438 \u0441 \u0437\u0430\u0432\u044b\u0448\u0435\u043d\u043d\u043e\u0439 \u043b\u0438\u043d\u0438\u0435\u0439 \u0442\u0430\u043b\u0438\u0438. \u042e\u0431\u043a\u0430 \u0441\u0434\u0435\u043b\u0430\u043d\u0430 \u0438\u0437 \u043f\u043b\u0438\u0441\u0441\u0438\u0440\u043e\u0432\u0430\u043d\u043d\u043e\u0433\u043e \u043c\u0430\u0442\u0435\u0440\u0438\u0430\u043b\u0430 \u0438 \u0434\u0435\u043a\u043e\u0440\u0438\u0440\u043e\u0432\u0430\u043d\u0430 \u043d\u0435\u0441\u043a\u043e\u043b\u044c\u043a\u0438\u043c\u0438 \u0441\u043b\u043e\u044f\u043c\u0438 \u043e\u0431\u043e\u0440\u043e\u043a, \u0447\u0442\u043e \u043f\u0440\u0438\u0434\u0430\u0435\u0442 \u043f\u043b\u0430\u0442\u044c\u044e \u043b\u0435\u0433\u043a\u0438\u0439 \u0438 \u0432\u043e\u0437\u0434\u0443\u0448\u043d\u044b\u0439 \u0432\u0438\u0434. \u0410\u0442\u043b\u0430\u0441\u043d\u044b\u0439 \u043f\u043e\u044f\u0441 \u043f\u0440\u0438\u0432\u043b\u0435\u0447\u0435\u0442 \u0432\u043d\u0438\u043c\u0430\u043d\u0438\u0435 \u043a \u0442\u043e\u043d\u043a\u043e\u0439 \u0442\u0430\u043b\u0438\u0438. \u0418\u0437\u044f\u0449\u043d\u043e\u0435 \u043f\u043b\u0430\u0442\u044c\u0435 \u0441\u0434\u0435\u043b\u0430\u0435\u0442 \u0430\u043a\u0446\u0435\u043d\u0442 \u043d\u0430 \u043f\u043b\u0430\u0432\u043d\u044b\u0445 \u0436\u0435\u043d\u0441\u0442\u0432\u0435\u043d\u043d\u044b\u0445 \u0438\u0437\u0433\u0438\u0431\u0430\u0445 \u0432\u0430\u0448\u0435\u0433\u043e \u0442\u0435\u043b\u0430 \u0438 \u043f\u043e\u0437\u0432\u043e\u043b\u0438\u0442 \u043f\u043e\u0434\u0447\u0435\u0440\u043a\u043d\u0443\u0442\u044c \u0432\u0430\u0448 \u043d\u0435\u043f\u043e\u0432\u0442\u043e\u0440\u0438\u043c\u044b\u0439 \u0432\u043a\u0443\u0441 \u0438 \u0447\u0443\u0432\u0441\u0442\u0432\u043e \u0441\u0442\u0438\u043b\u044f.</p>\r\n"}}, {"pk": 3, "model": "catalog.item", "fields": {"category": 7, "slug": "plate-2-3423466", "art": "3423466", "name": "\u041f\u043b\u0430\u0442\u044c\u0435 2", "sizes": [4, 5], "color": 3, "season": null, "brand": 2, "material": 2, "at_home": false, "order": 100, "date": "2013-10-11T15:58:15", "price_old": null, "price": 3500.0, "description": "<p><b>\u0422\u043a\u0430\u043d\u044c \u0432\u0435\u0440\u0445\u0430</b>: 100% \u043f\u043e\u043b\u0438\u044d\u0441\u0442\u0435\u0440<br>\r\n\t\t\t\t\t\t\t\t\t\t\t\t<b>\u041f\u043e\u0434\u043a\u043b\u0430\u0434\u043a\u0430</b>: 100% \u043f\u043e\u043b\u0438\u044d\u0441\u0442\u0435\u0440<br>\r\n\t\t\t\t\t\t\t\t\t\t\t\t<b>\u041e\u0442\u0434\u0435\u043b\u043a\u0430</b>: 97% \u043f\u043e\u043b\u0438\u044d\u0441\u0442\u0435\u0440 3% \u0441\u043f\u0430\u043d\u0434\u0435\u043a\u0441<br><br>\r\n\r\n\r\n\t\t\t\t\t\t\t\t\t\t\t\t\u042d\u043b\u0435\u0433\u0430\u043d\u0442\u043d\u043e\u0435 \u043a\u043e\u043a\u0442\u0435\u0439\u043b\u044c\u043d\u043e\u0435 \u043f\u043b\u0430\u0442\u044c\u0435 \u0434\u043b\u044f \u0441\u0442\u0438\u043b\u044c\u043d\u044b\u0445 \u0434\u0435\u0432\u0443\u0448\u0435\u043a, \u043a\u043e\u0442\u043e\u0440\u044b\u0435 \u043f\u0440\u0438\u0432\u044b\u043a\u043b\u0438 \u0431\u044b\u0442\u044c \u0432 \u0446\u0435\u043d\u0442\u0440\u0435 \u0432\u043d\u0438\u043c\u0430\u043d\u0438\u044f. \u041c\u043e\u0434\u0435\u043b\u044c \u0431\u0435\u0437 \u0440\u0443\u043a\u0430\u0432\u043e\u0432 \u0441 \u043e\u043a\u0440\u0443\u0433\u043b\u044b\u043c \u0432\u044b\u0440\u0435\u0437\u043e\u043c \u0433\u043e\u0440\u043b\u043e\u0432\u0438\u043d\u044b \u0438 \u0441 \u0437\u0430\u0432\u044b\u0448\u0435\u043d\u043d\u043e\u0439 \u043b\u0438\u043d\u0438\u0435\u0439 \u0442\u0430\u043b\u0438\u0438. \u042e\u0431\u043a\u0430 \u0441\u0434\u0435\u043b\u0430\u043d\u0430 \u0438\u0437 \u043f\u043b\u0438\u0441\u0441\u0438\u0440\u043e\u0432\u0430\u043d\u043d\u043e\u0433\u043e \u043c\u0430\u0442\u0435\u0440\u0438\u0430\u043b\u0430 \u0438 \u0434\u0435\u043a\u043e\u0440\u0438\u0440\u043e\u0432\u0430\u043d\u0430 \u043d\u0435\u0441\u043a\u043e\u043b\u044c\u043a\u0438\u043c\u0438 \u0441\u043b\u043e\u044f\u043c\u0438 \u043e\u0431\u043e\u0440\u043e\u043a, \u0447\u0442\u043e \u043f\u0440\u0438\u0434\u0430\u0435\u0442 \u043f\u043b\u0430\u0442\u044c\u044e \u043b\u0435\u0433\u043a\u0438\u0439 \u0438 \u0432\u043e\u0437\u0434\u0443\u0448\u043d\u044b\u0439 \u0432\u0438\u0434. \u0410\u0442\u043b\u0430\u0441\u043d\u044b\u0439 \u043f\u043e\u044f\u0441 \u043f\u0440\u0438\u0432\u043b\u0435\u0447\u0435\u0442 \u0432\u043d\u0438\u043c\u0430\u043d\u0438\u0435 \u043a \u0442\u043e\u043d\u043a\u043e\u0439 \u0442\u0430\u043b\u0438\u0438. \u0418\u0437\u044f\u0449\u043d\u043e\u0435 \u043f\u043b\u0430\u0442\u044c\u0435  \u0441\u0434\u0435\u043b\u0430\u0435\u0442 \u0430\u043a\u0446\u0435\u043d\u0442 \u043d\u0430 \u043f\u043b\u0430\u0432\u043d\u044b\u0445 \u0436\u0435\u043d\u0441\u0442\u0432\u0435\u043d\u043d\u044b\u0445 \u0438\u0437\u0433\u0438\u0431\u0430\u0445 \u0432\u0430\u0448\u0435\u0433\u043e \u0442\u0435\u043b\u0430 \u0438 \u043f\u043e\u0437\u0432\u043e\u043b\u0438\u0442 \u043f\u043e\u0434\u0447\u0435\u0440\u043a\u043d\u0443\u0442\u044c \u0432\u0430\u0448 \u043d\u0435\u043f\u043e\u0432\u0442\u043e\u0440\u0438\u043c\u044b\u0439 \u0432\u043a\u0443\u0441 \u0438 \u0447\u0443\u0432\u0441\u0442\u0432\u043e \u0441\u0442\u0438\u043b\u044f.</p>\r\n"}}, {"pk": 4, "model": "catalog.item", "fields": {"category": 7, "slug": "plate-3-354345", "art": "354345", "name": "\u041f\u043b\u0430\u0442\u044c\u0435 3", "sizes": [4, 6], "color": 1, "season": null, "brand": 4, "material": 3, "at_home": true, "order": 100, "date": "2013-10-11T15:59:47", "price_old": null, "price": 4500.0, "description": "<p><b>\u0422\u043a\u0430\u043d\u044c \u0432\u0435\u0440\u0445\u0430</b>: 100% \u043f\u043e\u043b\u0438\u044d\u0441\u0442\u0435\u0440<br>\r\n\t\t\t\t\t\t\t\t\t\t\t\t<b>\u041f\u043e\u0434\u043a\u043b\u0430\u0434\u043a\u0430</b>: 100% \u043f\u043e\u043b\u0438\u044d\u0441\u0442\u0435\u0440<br>\r\n\t\t\t\t\t\t\t\t\t\t\t\t<b>\u041e\u0442\u0434\u0435\u043b\u043a\u0430</b>: 97% \u043f\u043e\u043b\u0438\u044d\u0441\u0442\u0435\u0440 3% \u0441\u043f\u0430\u043d\u0434\u0435\u043a\u0441<br><br>\r\n\r\n\r\n\t\t\t\t\t\t\t\t\t\t\t\t\u042d\u043b\u0435\u0433\u0430\u043d\u0442\u043d\u043e\u0435 \u043a\u043e\u043a\u0442\u0435\u0439\u043b\u044c\u043d\u043e\u0435 \u043f\u043b\u0430\u0442\u044c\u0435 \u0434\u043b\u044f \u0441\u0442\u0438\u043b\u044c\u043d\u044b\u0445 \u0434\u0435\u0432\u0443\u0448\u0435\u043a, \u043a\u043e\u0442\u043e\u0440\u044b\u0435 \u043f\u0440\u0438\u0432\u044b\u043a\u043b\u0438 \u0431\u044b\u0442\u044c \u0432 \u0446\u0435\u043d\u0442\u0440\u0435 \u0432\u043d\u0438\u043c\u0430\u043d\u0438\u044f. \u041c\u043e\u0434\u0435\u043b\u044c \u0431\u0435\u0437 \u0440\u0443\u043a\u0430\u0432\u043e\u0432 \u0441 \u043e\u043a\u0440\u0443\u0433\u043b\u044b\u043c \u0432\u044b\u0440\u0435\u0437\u043e\u043c \u0433\u043e\u0440\u043b\u043e\u0432\u0438\u043d\u044b \u0438 \u0441 \u0437\u0430\u0432\u044b\u0448\u0435\u043d\u043d\u043e\u0439 \u043b\u0438\u043d\u0438\u0435\u0439 \u0442\u0430\u043b\u0438\u0438. \u042e\u0431\u043a\u0430 \u0441\u0434\u0435\u043b\u0430\u043d\u0430 \u0438\u0437 \u043f\u043b\u0438\u0441\u0441\u0438\u0440\u043e\u0432\u0430\u043d\u043d\u043e\u0433\u043e \u043c\u0430\u0442\u0435\u0440\u0438\u0430\u043b\u0430 \u0438 \u0434\u0435\u043a\u043e\u0440\u0438\u0440\u043e\u0432\u0430\u043d\u0430 \u043d\u0435\u0441\u043a\u043e\u043b\u044c\u043a\u0438\u043c\u0438 \u0441\u043b\u043e\u044f\u043c\u0438 \u043e\u0431\u043e\u0440\u043e\u043a, \u0447\u0442\u043e \u043f\u0440\u0438\u0434\u0430\u0435\u0442 \u043f\u043b\u0430\u0442\u044c\u044e \u043b\u0435\u0433\u043a\u0438\u0439 \u0438 \u0432\u043e\u0437\u0434\u0443\u0448\u043d\u044b\u0439 \u0432\u0438\u0434. \u0410\u0442\u043b\u0430\u0441\u043d\u044b\u0439 \u043f\u043e\u044f\u0441 \u043f\u0440\u0438\u0432\u043b\u0435\u0447\u0435\u0442 \u0432\u043d\u0438\u043c\u0430\u043d\u0438\u0435 \u043a \u0442\u043e\u043d\u043a\u043e\u0439 \u0442\u0430\u043b\u0438\u0438. \u0418\u0437\u044f\u0449\u043d\u043e\u0435 \u043f\u043b\u0430\u0442\u044c\u0435  \u0441\u0434\u0435\u043b\u0430\u0435\u0442 \u0430\u043a\u0446\u0435\u043d\u0442 \u043d\u0430 \u043f\u043b\u0430\u0432\u043d\u044b\u0445 \u0436\u0435\u043d\u0441\u0442\u0432\u0435\u043d\u043d\u044b\u0445 \u0438\u0437\u0433\u0438\u0431\u0430\u0445 \u0432\u0430\u0448\u0435\u0433\u043e \u0442\u0435\u043b\u0430 \u0438 \u043f\u043e\u0437\u0432\u043e\u043b\u0438\u0442 \u043f\u043e\u0434\u0447\u0435\u0440\u043a\u043d\u0443\u0442\u044c \u0432\u0430\u0448 \u043d\u0435\u043f\u043e\u0432\u0442\u043e\u0440\u0438\u043c\u044b\u0439 \u0432\u043a\u0443\u0441 \u0438 \u0447\u0443\u0432\u0441\u0442\u0432\u043e \u0441\u0442\u0438\u043b\u044f.</p>\r\n"}}, {"pk": 5, "model": "catalog.item", "fields": {"category": 7, "slug": "plate-bench-3-454345345", "art": "454345345", "name": "\u041f\u043b\u0430\u0442\u044c\u0435 Bench 3", "sizes": [1, 5], "color": 4, "season": "", "brand": 5, "material": 1, "at_home": true, "order": 100, "date": "2013-10-11T16:00:21", "price_old": 3400.0, "price": 2900.0, "description": "<p><b>\u0422\u043a\u0430\u043d\u044c \u0432\u0435\u0440\u0445\u0430</b>: 100% \u043f\u043e\u043b\u0438\u044d\u0441\u0442\u0435\u0440<br />\r\n<b>\u041f\u043e\u0434\u043a\u043b\u0430\u0434\u043a\u0430</b>: 100% \u043f\u043e\u043b\u0438\u044d\u0441\u0442\u0435\u0440<br />\r\n<b>\u041e\u0442\u0434\u0435\u043b\u043a\u0430</b>: 97% \u043f\u043e\u043b\u0438\u044d\u0441\u0442\u0435\u0440 3% \u0441\u043f\u0430\u043d\u0434\u0435\u043a\u0441<br />\r\n<br />\r\n\u042d\u043b\u0435\u0433\u0430\u043d\u0442\u043d\u043e\u0435 \u043a\u043e\u043a\u0442\u0435\u0439\u043b\u044c\u043d\u043e\u0435 \u043f\u043b\u0430\u0442\u044c\u0435 \u0434\u043b\u044f \u0441\u0442\u0438\u043b\u044c\u043d\u044b\u0445 \u0434\u0435\u0432\u0443\u0448\u0435\u043a, \u043a\u043e\u0442\u043e\u0440\u044b\u0435 \u043f\u0440\u0438\u0432\u044b\u043a\u043b\u0438 \u0431\u044b\u0442\u044c \u0432 \u0446\u0435\u043d\u0442\u0440\u0435 \u0432\u043d\u0438\u043c\u0430\u043d\u0438\u044f. \u041c\u043e\u0434\u0435\u043b\u044c \u0431\u0435\u0437 \u0440\u0443\u043a\u0430\u0432\u043e\u0432 \u0441 \u043e\u043a\u0440\u0443\u0433\u043b\u044b\u043c \u0432\u044b\u0440\u0435\u0437\u043e\u043c \u0433\u043e\u0440\u043b\u043e\u0432\u0438\u043d\u044b \u0438 \u0441 \u0437\u0430\u0432\u044b\u0448\u0435\u043d\u043d\u043e\u0439 \u043b\u0438\u043d\u0438\u0435\u0439 \u0442\u0430\u043b\u0438\u0438. \u042e\u0431\u043a\u0430 \u0441\u0434\u0435\u043b\u0430\u043d\u0430 \u0438\u0437 \u043f\u043b\u0438\u0441\u0441\u0438\u0440\u043e\u0432\u0430\u043d\u043d\u043e\u0433\u043e \u043c\u0430\u0442\u0435\u0440\u0438\u0430\u043b\u0430 \u0438 \u0434\u0435\u043a\u043e\u0440\u0438\u0440\u043e\u0432\u0430\u043d\u0430 \u043d\u0435\u0441\u043a\u043e\u043b\u044c\u043a\u0438\u043c\u0438 \u0441\u043b\u043e\u044f\u043c\u0438 \u043e\u0431\u043e\u0440\u043e\u043a, \u0447\u0442\u043e \u043f\u0440\u0438\u0434\u0430\u0435\u0442 \u043f\u043b\u0430\u0442\u044c\u044e \u043b\u0435\u0433\u043a\u0438\u0439 \u0438 \u0432\u043e\u0437\u0434\u0443\u0448\u043d\u044b\u0439 \u0432\u0438\u0434. \u0410\u0442\u043b\u0430\u0441\u043d\u044b\u0439 \u043f\u043e\u044f\u0441 \u043f\u0440\u0438\u0432\u043b\u0435\u0447\u0435\u0442 \u0432\u043d\u0438\u043c\u0430\u043d\u0438\u0435 \u043a \u0442\u043e\u043d\u043a\u043e\u0439 \u0442\u0430\u043b\u0438\u0438. \u0418\u0437\u044f\u0449\u043d\u043e\u0435 \u043f\u043b\u0430\u0442\u044c\u0435 \u0441\u0434\u0435\u043b\u0430\u0435\u0442 \u0430\u043a\u0446\u0435\u043d\u0442 \u043d\u0430 \u043f\u043b\u0430\u0432\u043d\u044b\u0445 \u0436\u0435\u043d\u0441\u0442\u0432\u0435\u043d\u043d\u044b\u0445 \u0438\u0437\u0433\u0438\u0431\u0430\u0445 \u0432\u0430\u0448\u0435\u0433\u043e \u0442\u0435\u043b\u0430 \u0438 \u043f\u043e\u0437\u0432\u043e\u043b\u0438\u0442 \u043f\u043e\u0434\u0447\u0435\u0440\u043a\u043d\u0443\u0442\u044c \u0432\u0430\u0448 \u043d\u0435\u043f\u043e\u0432\u0442\u043e\u0440\u0438\u043c\u044b\u0439 \u0432\u043a\u0443\u0441 \u0438 \u0447\u0443\u0432\u0441\u0442\u0432\u043e \u0441\u0442\u0438\u043b\u044f.</p>\r\n"}}, {"pk": 6, "model": "catalog.item", "fields": {"category": 8, "slug": "plate-bench-33-5345773", "art": "5345773", "name": "\u041f\u043b\u0430\u0442\u044c\u0435 Bench 33", "sizes": [1], "color": 2, "season": null, "brand": 4, "material": 3, "at_home": true, "order": 100, "date": "2013-10-11T16:01:22", "price_old": null, "price": 3200.0, "description": "<p><b>\u0422\u043a\u0430\u043d\u044c \u0432\u0435\u0440\u0445\u0430</b>: 100% \u043f\u043e\u043b\u0438\u044d\u0441\u0442\u0435\u0440<br>\r\n\t\t\t\t\t\t\t\t\t\t\t\t<b>\u041f\u043e\u0434\u043a\u043b\u0430\u0434\u043a\u0430</b>: 100% \u043f\u043e\u043b\u0438\u044d\u0441\u0442\u0435\u0440<br>\r\n\t\t\t\t\t\t\t\t\t\t\t\t<b>\u041e\u0442\u0434\u0435\u043b\u043a\u0430</b>: 97% \u043f\u043e\u043b\u0438\u044d\u0441\u0442\u0435\u0440 3% \u0441\u043f\u0430\u043d\u0434\u0435\u043a\u0441<br><br>\r\n\r\n\r\n\t\t\t\t\t\t\t\t\t\t\t\t\u042d\u043b\u0435\u0433\u0430\u043d\u0442\u043d\u043e\u0435 \u043a\u043e\u043a\u0442\u0435\u0439\u043b\u044c\u043d\u043e\u0435 \u043f\u043b\u0430\u0442\u044c\u0435 \u0434\u043b\u044f \u0441\u0442\u0438\u043b\u044c\u043d\u044b\u0445 \u0434\u0435\u0432\u0443\u0448\u0435\u043a, \u043a\u043e\u0442\u043e\u0440\u044b\u0435 \u043f\u0440\u0438\u0432\u044b\u043a\u043b\u0438 \u0431\u044b\u0442\u044c \u0432 \u0446\u0435\u043d\u0442\u0440\u0435 \u0432\u043d\u0438\u043c\u0430\u043d\u0438\u044f. \u041c\u043e\u0434\u0435\u043b\u044c \u0431\u0435\u0437 \u0440\u0443\u043a\u0430\u0432\u043e\u0432 \u0441 \u043e\u043a\u0440\u0443\u0433\u043b\u044b\u043c \u0432\u044b\u0440\u0435\u0437\u043e\u043c \u0433\u043e\u0440\u043b\u043e\u0432\u0438\u043d\u044b \u0438 \u0441 \u0437\u0430\u0432\u044b\u0448\u0435\u043d\u043d\u043e\u0439 \u043b\u0438\u043d\u0438\u0435\u0439 \u0442\u0430\u043b\u0438\u0438. \u042e\u0431\u043a\u0430 \u0441\u0434\u0435\u043b\u0430\u043d\u0430 \u0438\u0437 \u043f\u043b\u0438\u0441\u0441\u0438\u0440\u043e\u0432\u0430\u043d\u043d\u043e\u0433\u043e \u043c\u0430\u0442\u0435\u0440\u0438\u0430\u043b\u0430 \u0438 \u0434\u0435\u043a\u043e\u0440\u0438\u0440\u043e\u0432\u0430\u043d\u0430 \u043d\u0435\u0441\u043a\u043e\u043b\u044c\u043a\u0438\u043c\u0438 \u0441\u043b\u043e\u044f\u043c\u0438 \u043e\u0431\u043e\u0440\u043e\u043a, \u0447\u0442\u043e \u043f\u0440\u0438\u0434\u0430\u0435\u0442 \u043f\u043b\u0430\u0442\u044c\u044e \u043b\u0435\u0433\u043a\u0438\u0439 \u0438 \u0432\u043e\u0437\u0434\u0443\u0448\u043d\u044b\u0439 \u0432\u0438\u0434. \u0410\u0442\u043b\u0430\u0441\u043d\u044b\u0439 \u043f\u043e\u044f\u0441 \u043f\u0440\u0438\u0432\u043b\u0435\u0447\u0435\u0442 \u0432\u043d\u0438\u043c\u0430\u043d\u0438\u0435 \u043a \u0442\u043e\u043d\u043a\u043e\u0439 \u0442\u0430\u043b\u0438\u0438. \u0418\u0437\u044f\u0449\u043d\u043e\u0435 \u043f\u043b\u0430\u0442\u044c\u0435  \u0441\u0434\u0435\u043b\u0430\u0435\u0442 \u0430\u043a\u0446\u0435\u043d\u0442 \u043d\u0430 \u043f\u043b\u0430\u0432\u043d\u044b\u0445 \u0436\u0435\u043d\u0441\u0442\u0432\u0435\u043d\u043d\u044b\u0445 \u0438\u0437\u0433\u0438\u0431\u0430\u0445 \u0432\u0430\u0448\u0435\u0433\u043e \u0442\u0435\u043b\u0430 \u0438 \u043f\u043e\u0437\u0432\u043e\u043b\u0438\u0442 \u043f\u043e\u0434\u0447\u0435\u0440\u043a\u043d\u0443\u0442\u044c \u0432\u0430\u0448 \u043d\u0435\u043f\u043e\u0432\u0442\u043e\u0440\u0438\u043c\u044b\u0439 \u0432\u043a\u0443\u0441 \u0438 \u0447\u0443\u0432\u0441\u0442\u0432\u043e \u0441\u0442\u0438\u043b\u044f.</p>\r\n"}}, {"pk": 1, "model": "catalog.image", "fields": {"item": 1, "image": "uploads/items/k_egcs8wQmA_1.jpg", "order": 100}}, {"pk": 2, "model": "catalog.image", "fields": {"item": 2, "image": "uploads/items/x_0baafebe.jpg", "order": 100}}, {"pk": 3, "model": "catalog.image", "fields": {"item": 3, "image": "uploads/items/QxNMysCmbWw.jpg", "order": 100}}, {"pk": 4, "model": "catalog.image", "fields": {"item": 3, "image": "uploads/items/x_0f60bdee.jpg", "order": 100}}, {"pk": 5, "model": "catalog.image", "fields": {"item": 4, "image": "uploads/items/x_5be17255.jpg", "order": 100}}, {"pk": 6, "model": "catalog.image", "fields": {"item": 5, "image": "uploads/items/z_ff8747cd.jpg", "order": 100}}, {"pk": 7, "model": "catalog.image", "fields": {"item": 6, "image": "uploads/items/y_ae9ce4a1.jpg", "order": 100}}]