[{"pk": 12, "model": "catalog.category", "fields": {"rght": 6, "name": "\u041f\u0435\u0440\u0447\u0430\u0442\u043a\u0438 \u0436\u0435\u043d\u0441\u043a\u0438\u0435", "parent": null, "level": 0, "order": 100, "lft": 1, "tree_id": 4, "slug": "perchatki-zhenskie"}}, {"pk": 15, "model": "catalog.category", "fields": {"rght": 3, "name": "\u041f\u0435\u0440\u0447\u0430\u0442\u043a\u0438 \u0437\u0430\u043c\u0448\u0430", "parent": 12, "level": 1, "order": 100, "lft": 2, "tree_id": 4, "slug": "perchatki-zamsha"}}, {"pk": 13, "model": "catalog.category", "fields": {"rght": 5, "name": "\u041f\u0435\u0440\u0447\u0430\u0442\u043a\u0438 \u043c\u0435\u0445", "parent": 12, "level": 1, "order": 100, "lft": 4, "tree_id": 4, "slug": "perchatki-meh"}}, {"pk": 4, "model": "catalog.category", "fields": {"rght": 4, "name": "\u041f\u0435\u0440\u0447\u0430\u0442\u043a\u0438 \u043c\u0443\u0436\u0441\u043a\u0438\u0435", "parent": null, "level": 0, "order": 100, "lft": 1, "tree_id": 5, "slug": "perchatki-muzhskie"}}, {"pk": 16, "model": "catalog.category", "fields": {"rght": 3, "name": "\u041f\u0435\u0440\u0447\u0430\u0442\u043a\u0438 \u0432\u043e\u0434\u0438\u0442\u0435\u043b\u044c\u0441\u043a\u0438\u0435", "parent": 4, "level": 1, "order": 100, "lft": 2, "tree_id": 5, "slug": "perchatki-voditelskie"}}, {"pk": 14, "model": "catalog.category", "fields": {"rght": 2, "name": "\u0421\u0443\u043c\u043a\u0438 \u0436\u0435\u043d\u0441\u043a\u0438\u0435", "parent": null, "level": 0, "order": 100, "lft": 1, "tree_id": 6, "slug": "sumki-zhenskie"}}, {"pk": 6, "model": "catalog.brand", "fields": {"name": "Fish", "slug": "fish"}}, {"pk": 7, "model": "catalog.brand", "fields": {"name": "Rime", "slug": "rime"}}, {"pk": 8, "model": "catalog.brand", "fields": {"name": "Richezza", "slug": "richezza"}}, {"pk": 9, "model": "catalog.brand", "fields": {"name": "Farfalla Rosso", "slug": "farfalla-rosso"}}, {"pk": 10, "model": "catalog.brand", "fields": {"name": "Vidoliya", "slug": "vidoliya"}}, {"pk": 4, "model": "catalog.color", "fields": {"name": "\u0416\u0435\u043b\u0442\u044b\u0439"}}, {"pk": 2, "model": "catalog.color", "fields": {"name": "\u0417\u0435\u043b\u0435\u043d\u044b\u0439"}}, {"pk": 9, "model": "catalog.color", "fields": {"name": "\u041a\u043e\u043c\u0431\u0438\u043d\u0438\u0440\u043e\u0432\u0430\u043d\u043d\u044b\u0439"}}, {"pk": 7, "model": "catalog.color", "fields": {"name": "\u041a\u043e\u0440\u0438\u0447\u043d\u0435\u0432\u044b\u0439"}}, {"pk": 3, "model": "catalog.color", "fields": {"name": "\u041a\u0440\u0430\u0441\u043d\u044b\u0439"}}, {"pk": 8, "model": "catalog.color", "fields": {"name": "\u0420\u044b\u0436\u0438\u0439"}}, {"pk": 6, "model": "catalog.color", "fields": {"name": "\u0421\u0435\u0440\u044b\u0439"}}, {"pk": 1, "model": "catalog.color", "fields": {"name": "\u0421\u0438\u043d\u0438\u0439"}}, {"pk": 5, "model": "catalog.color", "fields": {"name": "\u0427\u0435\u0440\u043d\u044b\u0439"}}, {"pk": 5, "model": "catalog.material", "fields": {"name": "\u0437\u0430\u043c\u0448\u0430"}}, {"pk": 1, "model": "catalog.material", "fields": {"name": "\u043a\u043e\u0436\u0430"}}, {"pk": 7, "model": "catalog.material", "fields": {"name": "\u041d\u0430\u0442\u0443\u0440\u0430\u043b\u044c\u043d\u0430\u044f \u0437\u0430\u043c\u0448\u0430/\u043f\u043e\u043b\u0438\u043c\u0435\u0440\u043d\u0430\u044f \u043a\u043e\u0436\u0430"}}, {"pk": 4, "model": "catalog.material", "fields": {"name": "\u041f\u043e\u043b\u0438\u043c\u0435\u0440"}}, {"pk": 6, "model": "catalog.material", "fields": {"name": "\u041f\u043e\u043b\u0438\u043c\u0435\u0440\u043d\u0430\u044f \u043a\u043e\u0436\u0430"}}, {"pk": 3, "model": "catalog.material", "fields": {"name": "\u0441\u0438\u043d\u0442\u0435\u0442\u0438\u043a\u0430"}}, {"pk": 2, "model": "catalog.material", "fields": {"name": "\u0442\u043a\u0430\u043d\u044c"}}, {"pk": 7, "model": "catalog.size", "fields": {"name": "6", "order": 1}}, {"pk": 8, "model": "catalog.size", "fields": {"name": "6,5", "order": 2}}, {"pk": 9, "model": "catalog.size", "fields": {"name": "7", "order": 3}}, {"pk": 10, "model": "catalog.size", "fields": {"name": "7,5", "order": 4}}, {"pk": 11, "model": "catalog.size", "fields": {"name": "8", "order": 5}}, {"pk": 12, "model": "catalog.size", "fields": {"name": "8,5", "order": 6}}, {"pk": 13, "model": "catalog.size", "fields": {"name": "9", "order": 7}}, {"pk": 14, "model": "catalog.size", "fields": {"name": "9,5", "order": 8}}, {"pk": 15, "model": "catalog.size", "fields": {"name": "10", "order": 9}}, {"pk": 16, "model": "catalog.size", "fields": {"name": "10,5", "order": 10}}, {"pk": 17, "model": "catalog.size", "fields": {"name": "11", "order": 11}}, {"pk": 7, "model": "catalog.item", "fields": {"category": 13, "slug": "101-3", "art": "101-3", "name": "\u041f\u0435\u0440\u0447\u0430\u0442\u043a\u0430 \u0436\u0435\u043d\u0441\u043a\u0430\u044f 101-3", "sizes": [], "color": 5, "season": "aw", "brand": 7, "material": 1, "price_opt": 1100.0, "order": 100, "date": "2013-10-18T12:53:38", "at_home": false, "price_old": null, "price": 1200.0, "description": "<p>\u0412\u0435\u0440\u0445 \u043f\u0435\u0440\u0447\u0430\u0442\u043a\u0438: \u043a\u043e\u0437\u043b\u0435\u043d\u043e\u043a</p>\r\n\r\n<p>\u041f\u043e\u0434\u043a\u043b\u0430\u0434:&nbsp; \u043c\u0435\u0445 \u043d\u0430\u0442\u0443\u0440\u0430\u043b\u044c\u043d\u044b\u0439 - \u0446\u0435\u0433\u0435\u0439\u043a\u0430</p>\r\n"}}, {"pk": 10, "model": "catalog.item", "fields": {"category": 16, "slug": "904", "art": "904", "name": "\u041f\u0435\u0440\u0447\u0430\u0442\u043a\u0430 \u043c\u0443\u0436\u0441\u043a\u0430\u044f 904", "sizes": [12, 13, 14, 15], "color": 5, "season": null, "brand": null, "material": 1, "price_opt": 870.0, "order": 100, "date": "2013-10-22T14:57:33", "at_home": false, "price_old": null, "price": 900.0, "description": "<p>\u041c\u0430\u0442\u0435\u0440\u0438\u0430\u043b - \u043d\u0430\u0442\u0443\u0440\u0430\u043b\u044c\u043d\u0430\u044f \u043a\u043e\u0436\u0430</p>\r\n\r\n<p>\u041f\u0430\u043b\u044c\u0446\u044b \u043e\u0431\u0440\u0435\u0437\u0430\u043d\u043d\u044b\u0435</p>\r\n\r\n<p>\u041d\u0430 \u0437\u0430\u043f\u044f\u0441\u0442\u044c\u0435 \u0438\u043c\u0435\u0435\u0442\u0441\u044f \u043a\u043d\u043e\u043f\u043e\u0447\u043a\u0430</p>\r\n\r\n<p>&nbsp;</p>\r\n"}}, {"pk": 9, "model": "catalog.item", "fields": {"category": 15, "slug": "276", "art": "276", "name": "\u041f\u0435\u0440\u0447\u0430\u0442\u043a\u0430 \u0436\u0435\u043d\u0441\u043a\u0430\u044f 276", "sizes": [8, 9, 10, 11], "color": 5, "season": null, "brand": null, "material": 5, "price_opt": 640.0, "order": 100, "date": "2013-10-22T14:51:57", "at_home": false, "price_old": null, "price": 740.0, "description": "<p>\u041b\u0438\u0446\u0435\u0432\u0430\u044f \u0441\u0442\u043e\u0440\u043e\u043d\u0430 - \u043d\u0430\u0442\u0443\u0440\u0430\u043b\u044c\u043d\u0430\u044f \u0437\u0430\u043c\u0448\u0430.</p>\r\n\r\n<p>\u041b\u0430\u0434\u043e\u0448\u043a\u0430 - \u043d\u0430\u0442\u0443\u0440\u0430\u043b\u044c\u043d\u0430\u044f \u043a\u043e\u0436\u0430</p>\r\n\r\n<p>\u041f\u043e\u0434\u043a\u043b\u0430\u0434 - \u0444\u043b\u0438\u0441</p>\r\n"}}, {"pk": 36, "model": "catalog.item", "fields": {"category": 14, "slug": "8", "art": "8", "name": "8", "sizes": [], "color": 6, "season": null, "brand": null, "material": 1, "price_opt": 7.0, "order": 100, "date": "2013-11-26T17:11:29", "at_home": false, "price_old": null, "price": 8.0, "description": "<p>7747777</p>\r\n"}}, {"pk": 11, "model": "catalog.item", "fields": {"category": 14, "slug": "9-2347-2-blue", "art": "9-2347-2 BLUE", "name": "\u0421\u0443\u043c\u043a\u0430 \u0436\u0435\u043d\u0441\u043a\u0430\u044f 9-2347-2 BLUE", "sizes": [], "color": 1, "season": "aw", "brand": 8, "material": 6, "price_opt": 1250.0, "order": 100, "date": "2013-11-07T16:30:12", "at_home": false, "price_old": null, "price": 1875.0, "description": "<p>\u0421\u0443\u043c\u043a\u0430: \u0440\u0435\u043b\u044c\u0435\u0444\u043d\u0430\u044f \u043f\u043e\u043b\u0438\u043c\u0435\u0440\u043d\u0430\u044f \u043a\u043e\u0436\u0430</p>\r\n\r\n<p>\u041e\u0442\u0434\u0435\u043b\u043a\u0430: \u043b\u0430\u043a\u0438\u0440\u043e\u0432\u0430\u043d\u043d\u0430\u044f \u043a\u043e\u0436\u0430</p>\r\n\r\n<p>&nbsp;</p>\r\n"}}, {"pk": 13, "model": "catalog.item", "fields": {"category": 14, "slug": "9-2454a-grey", "art": "9-2454A GREY", "name": "\u0421\u0443\u043c\u043a\u0430 \u0436\u0435\u043d\u0441\u043a\u0430\u044f 9-2454A GREY", "sizes": [], "color": 6, "season": "aw", "brand": 8, "material": 6, "price_opt": 1460.0, "order": 100, "date": "2013-11-07T16:43:41", "at_home": false, "price_old": null, "price": 2190.0, "description": "<p>\u041b\u0438\u0446\u0435\u0432\u0430 \u0441\u0442\u043e\u0440\u043e\u043d\u0430: \u0438\u0437 \u043a\u043e\u0436\u0438 \u0441\u0435\u0440\u043e\u0433\u043e \u0446\u0432\u0435\u0442\u0430, \u0432\u044b\u0434\u0435\u043b\u043a\u0430 \u043f\u043e\u0434 \u0440\u0435\u043f\u0442\u0438\u043b\u0438\u044e.</p>\r\n\r\n<p>\u041e\u0442\u0434\u0435\u043b\u043a\u0430: \u0438\u0437 \u043d\u0430\u0442\u0443\u0440\u0430\u043b\u044c\u043d\u043e\u0439 \u043b\u0430\u043a\u043e\u0432\u043e\u0439 \u043a\u043e\u0436\u0438</p>\r\n"}}, {"pk": 14, "model": "catalog.item", "fields": {"category": 14, "slug": "9-2468-black", "art": "9-2468 BLACK", "name": "\u0421\u0443\u043c\u043a\u0430 \u0436\u0435\u043d\u0441\u043a\u0430\u044f 9-2468 BLACK", "sizes": [], "color": null, "season": null, "brand": 8, "material": 6, "price_opt": 1430.0, "order": 100, "date": "2013-11-07T16:47:29", "at_home": false, "price_old": null, "price": 2145.0, "description": "<p>\u0421\u0443\u043c\u043a\u0430: \u0438\u0437 \u043f\u043e\u043b\u0438\u043c\u0435\u0440\u043d\u043e\u0439 \u043a\u043e\u0436\u0438.</p>\r\n\r\n<p>\u041e\u0442\u0434\u0435\u043b\u043a\u0430: \u043d\u0430\u0442\u0443\u0440\u0430\u043b\u044c\u043d\u0430\u044f \u043b\u0430\u043a\u043e\u0432\u0430\u044f \u043a\u043e\u0436\u0430.</p>\r\n"}}, {"pk": 15, "model": "catalog.item", "fields": {"category": 14, "slug": "9-3347-black", "art": "9-3347 BLACK", "name": "\u0421\u0443\u043c\u043a\u0430 \u0436\u0435\u043d\u0441\u043a\u0430\u044f 9-3347 BLACK", "sizes": [], "color": null, "season": null, "brand": 8, "material": 6, "price_opt": 1390.0, "order": 100, "date": "2013-11-07T16:49:54", "at_home": false, "price_old": null, "price": 2085.0, "description": "<p>\u0421\u0443\u043c\u043a\u0430 \u0438\u0437 \u043f\u043e\u043b\u0438\u043c\u0435\u0440\u043d\u043e\u0439 \u043a\u043e\u0436\u0438</p>\r\n"}}, {"pk": 16, "model": "catalog.item", "fields": {"category": 14, "slug": "8089", "art": "8089", "name": "\u0421\u0443\u043c\u043a\u0430 \u0436\u0435\u043d\u0441\u043a\u0430\u044f 8089", "sizes": [], "color": 8, "season": null, "brand": 8, "material": 6, "price_opt": 1460.0, "order": 100, "date": "2013-11-07T16:53:49", "at_home": false, "price_old": null, "price": 2190.0, "description": "<p>\u041b\u0438\u0446\u0435\u0432\u0430\u044f \u0441\u0442\u043e\u0440\u043e\u043d\u0430 \u0441\u0443\u043c\u043a\u0438: \u043d\u0430\u0442\u0443\u0440\u0430\u043b\u044c\u043d\u0430\u044f \u0437\u0430\u043c\u0448\u0430 \u0441 \u043e\u0442\u0434\u0435\u043b\u043a\u043e\u0439 \u0438\u0437 \u043d\u0430\u0442\u0443\u0440\u0430\u043b\u044c\u043d\u043e\u0433\u043e \u043b\u0430\u043a\u0430.</p>\r\n"}}, {"pk": 17, "model": "catalog.item", "fields": {"category": 14, "slug": "8137", "art": "8137", "name": "\u0421\u0443\u043c\u043a\u0430 \u0436\u0435\u043d\u0441\u043a\u0430\u044f 8137", "sizes": [], "color": null, "season": null, "brand": null, "material": 6, "price_opt": 1290.0, "order": 100, "date": "2013-11-07T16:57:10", "at_home": false, "price_old": null, "price": 1935.0, "description": "<p>\u041b\u0438\u0446\u0435\u0432\u0430 \u0441\u0442\u043e\u0440\u043e\u043d\u0430 \u0438 \u0440\u0443\u0447\u043a\u0438: \u043d\u0430\u0442\u0443\u0440\u0430\u043b\u044c\u043d\u0430\u044f \u043b\u0430\u043a\u043e\u0432\u0430\u044f \u043a\u043e\u0436\u0430.</p>\r\n"}}, {"pk": 18, "model": "catalog.item", "fields": {"category": 14, "slug": "8154", "art": "8154", "name": "\u0421\u0443\u043c\u043a\u0430 \u0436\u0435\u043d\u0441\u043a\u0430\u044f 8154", "sizes": [], "color": 5, "season": null, "brand": 8, "material": 6, "price_opt": 1240.0, "order": 100, "date": "2013-11-07T16:59:48", "at_home": false, "price_old": null, "price": 1860.0, "description": "<p>\u0421\u0443\u043c\u043a\u0430 \u0438\u0437 \u043f\u043e\u043b\u0438\u043c\u0435\u0440\u043d\u043e\u0439 \u043a\u043e\u0436\u0438</p>\r\n\r\n<p>\u041e\u0442\u0434\u0435\u043b\u043a\u0430: \u043b\u0430\u043a</p>\r\n"}}, {"pk": 19, "model": "catalog.item", "fields": {"category": 14, "slug": "8220", "art": "8220", "name": "\u0421\u0443\u043c\u043a\u0430 \u0436\u0435\u043d\u0441\u043a\u0430\u044f 8220", "sizes": [], "color": 8, "season": "aw", "brand": 8, "material": 6, "price_opt": 1520.0, "order": 100, "date": "2013-11-07T17:01:22", "at_home": false, "price_old": null, "price": 2280.0, "description": "<p>\u041b\u0438\u0446\u0435\u0432\u0430\u044f \u0441\u0442\u043e\u0440\u043e\u043d\u0430 \u0441\u0443\u043c\u043a\u0438: \u043d\u0430\u0442\u0443\u0440\u0430\u043b\u044c\u043d\u0430\u044f \u0437\u0430\u043c\u0448\u0430</p>\r\n"}}, {"pk": 20, "model": "catalog.item", "fields": {"category": 14, "slug": "9232", "art": "9232", "name": "\u0421\u0443\u043c\u043a\u0430 \u0436\u0435\u043d\u0441\u043a\u0430\u044f 9232", "sizes": [], "color": 9, "season": null, "brand": 8, "material": 6, "price_opt": 1520.0, "order": 100, "date": "2013-11-07T17:03:14", "at_home": false, "price_old": null, "price": 2280.0, "description": "<p>\u041b\u0438\u0446\u0435\u0432\u0430 \u0441\u0442\u043e\u0440\u043e\u043d\u0430 \u0441\u0443\u043c\u043a\u0438: \u043d\u0430\u0442\u0443\u0440\u0430\u043b\u044c\u043d\u0430\u044f \u043b\u0430\u043a\u043e\u0432\u0430\u044f \u043a\u043e\u0436\u0430, \u0432\u044b\u0434\u0435\u043b\u043a\u0430 \u043f\u043e\u0434 \u0440\u0435\u043f\u0442\u0438\u043b\u0438\u044e.</p>\r\n\r\n<p>&nbsp;</p>\r\n"}}, {"pk": 22, "model": "catalog.item", "fields": {"category": 14, "slug": "7145", "art": "7145", "name": "\u0421\u0443\u043c\u043a\u0430 \u0436\u0435\u043d\u0441\u043a\u0430\u044f 7145", "sizes": [], "color": 7, "season": null, "brand": 10, "material": 6, "price_opt": 1150.0, "order": 100, "date": "2013-11-07T17:12:41", "at_home": false, "price_old": null, "price": 1725.0, "description": "<p>\u041f\u043e\u043b\u0438\u043c\u0435\u0440\u043d\u0430\u044f \u043a\u043e\u0436\u0430, \u043e\u0442\u0434\u0435\u043b\u043a\u0430 \u043f\u043e\u0434 \u0440\u0435\u043f\u0442\u0438\u043b\u0438\u044e</p>\r\n"}}, {"pk": 21, "model": "catalog.item", "fields": {"category": 14, "slug": "6932", "art": "6932", "name": "\u0421\u0443\u043c\u043a\u0430 \u0436\u0435\u043d\u0441\u043a\u0430\u044f 6932", "sizes": [], "color": 3, "season": null, "brand": 9, "material": 6, "price_opt": 820.0, "order": 100, "date": "2013-11-07T17:08:53", "at_home": false, "price_old": null, "price": 1230.0, "description": "<p>\u041f\u043e\u043b\u0438\u043c\u0435\u0440\u043d\u0430\u044f \u043b\u0430\u043a\u043e\u0432\u0430\u044f \u043a\u043e\u0436\u0430</p>\r\n"}}, {"pk": 23, "model": "catalog.item", "fields": {"category": 14, "slug": "20072-2-6995a1494", "art": "20072-2-6995A.1494", "name": "\u0421\u0443\u043c\u043a\u0430 \u0436\u0435\u043d\u0441\u043a\u0430\u044f 20072-2-6995A.1494", "sizes": [], "color": 6, "season": null, "brand": 9, "material": 6, "price_opt": 860.0, "order": 100, "date": "2013-11-07T17:15:53", "at_home": false, "price_old": null, "price": 1290.0, "description": "<p>\u041b\u0438\u0446\u0435\u0432\u0430\u044f \u0441\u0442\u043e\u0440\u043e\u043d\u0430: \u043d\u0430\u0442\u0443\u0440\u0430\u043b\u044c\u043d\u0430\u044f \u0437\u0430\u043c\u0448\u0430.</p>\r\n\r\n<p>\u0420\u0443\u0447\u043a\u0438: \u0434\u0435\u0440\u0435\u0432\u044f\u043d\u044b\u0435</p>\r\n"}}, {"pk": 25, "model": "catalog.item", "fields": {"category": 14, "slug": "23501", "art": "23501", "name": "\u0421\u0443\u043c\u043a\u0430 \u0436\u0435\u043d\u0441\u043a\u0430\u044f 23501", "sizes": [], "color": 9, "season": null, "brand": 10, "material": 6, "price_opt": 950.0, "order": 100, "date": "2013-11-07T17:24:41", "at_home": false, "price_old": null, "price": 1425.0, "description": "<p>\u041a\u043e\u043c\u0431\u0438\u043d\u0438\u0440\u043e\u0432\u0430\u043d\u043d\u044b\u0439 \u043f\u043e\u043b\u0438\u043c\u0435\u0440</p>\r\n"}}, {"pk": 26, "model": "catalog.item", "fields": {"category": 14, "slug": "23521", "art": "23521", "name": "\u0421\u0443\u043c\u043a\u0430 \u0436\u0435\u043d\u0441\u043a\u0430\u044f 23521", "sizes": [], "color": 5, "season": null, "brand": 10, "material": 7, "price_opt": 1220.0, "order": 100, "date": "2013-11-07T17:26:52", "at_home": false, "price_old": null, "price": 1830.0, "description": "<p>\u041b\u0438\u0446\u0435\u0432\u0430\u044f \u0441\u0442\u043e\u0440\u043e\u043d\u0430: \u043d\u0430\u0442\u0443\u0440\u0430\u043b\u044c\u043d\u0430\u044f \u0437\u0430\u043c\u0448\u0430</p>\r\n\r\n<p>\u041f\u043e\u043b\u0438\u043c\u0435\u0440\u043d\u0430\u044f \u043a\u043e\u0436\u0430 \u0441 \u0440\u0435\u043b\u044c\u0435\u0444\u043e\u043c \u043f\u043e\u0434 \u0440\u0435\u043f\u0442\u0438\u043b\u0438\u044e</p>\r\n"}}, {"pk": 27, "model": "catalog.item", "fields": {"category": 14, "slug": "24431-1-yb-v", "art": "24431-1-YB-V", "name": "\u0421\u0443\u043c\u043a\u0430 \u0436\u0435\u043d\u0441\u043a\u0430\u044f 24431-1-YB-V", "sizes": [], "color": 9, "season": "ss", "brand": 10, "material": 4, "price_opt": 1120.0, "order": 100, "date": "2013-11-07T17:29:21", "at_home": false, "price_old": null, "price": 1680.0, "description": "<p>\u041d\u0430 \u043e\u0431\u0440\u0430\u0442\u043d\u043e\u0439 \u0441\u0442\u043e\u0440\u043e\u043d\u0435 \u043a\u0430\u0440\u043c\u0430\u043d \u043d\u0430 \u043c\u043e\u043d\u0438\u0438.</p>\r\n\r\n<p>\u041f\u043b\u0435\u0447\u0435\u0432\u043e\u0439 \u0440\u0435\u043c\u0435\u043d\u044c \u043f\u0440\u0438\u043b\u0430\u0433\u0430\u0435\u0442\u0441\u044f</p>\r\n"}}, {"pk": 32, "model": "catalog.item", "fields": {"category": 4, "slug": "6-meh", "art": "6 (\u043c\u0435\u0445)", "name": "\u041f\u0435\u0440\u0447\u0430\u0442\u043a\u0430 \u043c\u0443\u0436\u0441\u043a\u0430\u044f 6 (\u043c\u0435\u0445)", "sizes": [14, 15, 16, 17], "color": 5, "season": null, "brand": null, "material": 1, "price_opt": 2500.0, "order": 100, "date": "2013-11-26T15:22:42", "at_home": false, "price_old": null, "price": 3000.0, "description": "<p>\u041f\u0435\u0440\u0447\u0430\u0442\u043a\u0430 \u0438\u0437 \u043d\u0430\u0442\u0443\u0440\u0430\u043b\u044c\u043d\u043e\u0439 \u043a\u043e\u0436\u0438, \u043f\u043e\u0434\u043a\u043b\u0430\u0434, \u043c\u0435\u0445</p>\r\n"}}, {"pk": 8, "model": "catalog.item", "fields": {"category": 13, "slug": "6032", "art": "6032", "name": "\u041f\u0435\u0440\u0447\u0430\u0442\u043a\u0430 \u0436\u0435\u043d\u0441\u043a\u0430\u044f 6032", "sizes": [7, 8, 9, 10, 11, 12], "color": 5, "season": "aw", "brand": null, "material": 1, "price_opt": 890.0, "order": 100, "date": "2013-10-22T10:16:23", "at_home": false, "price_old": null, "price": 990.0, "description": "<p>\u0412\u0435\u0440\u0445 \u043d\u0430\u0442\u0443\u0440\u0430\u043b\u044c\u043d\u0430\u044f \u043a\u043e\u0436\u0430</p>\r\n\r\n<p>\u041f\u043e\u0434\u043a\u043b\u0430\u0434 \u043d\u0430\u0442\u0443\u0440\u0430\u043b\u044c\u043d\u044b\u0439 \u043c\u0435\u0445 - \u0446\u0435\u0433\u0435\u0439\u043a\u0430</p>\r\n"}}, {"pk": 24, "model": "catalog.item", "fields": {"category": 14, "slug": "20098-80al1080", "art": "20098-80A.L1080", "name": "\u0421\u0443\u043c\u043a\u0430 \u0436\u0435\u043d\u0441\u043a\u0430\u044f 20098-80A.L1080", "sizes": [], "color": 5, "season": null, "brand": 9, "material": 7, "price_opt": 990.0, "order": 100, "date": "2013-11-07T17:19:09", "at_home": false, "price_old": null, "price": 1485.0, "description": "<p>\u041b\u0438\u0446\u0435\u0432\u0430\u044f \u0441\u0442\u043e\u0440\u043e\u043d\u0430: \u043d\u0430\u0442\u0443\u0440\u0430\u043b\u044c \u0437\u0430\u043c\u0448\u0430.</p>\r\n\r\n<p>\u0420\u0443\u0447\u043a\u0438: \u0434\u0435\u0440\u0435\u0432\u044f\u043d\u044b\u0435</p>\r\n"}}, {"pk": 12, "model": "catalog.item", "fields": {"category": 14, "slug": "9-2409-1", "art": "9-2409-1", "name": "\u0421\u0443\u043c\u043a\u0430 \u0436\u0435\u043d\u0441\u043a\u0430\u044f 9-2409-1", "sizes": [], "color": 2, "season": "aw", "brand": 8, "material": 6, "price_opt": 1620.0, "order": 100, "date": "2013-11-07T16:39:15", "at_home": false, "price_old": null, "price": 2430.0, "description": "<p>\u041b\u0438\u0446\u0435\u0432\u0430\u044f \u0441\u0442\u043e\u0440\u043e\u043d\u0430 \u0441\u0443\u043c\u043a\u0438: \u043d\u0430\u0442\u0443\u0440\u0430\u043b\u044c\u043d\u0430\u044f \u043b\u0430\u043a\u043e\u0432\u0430\u044f \u043a\u043e\u0436\u0430, \u0432\u044b\u0434\u0435\u043b\u043a\u0430 \u043f\u043e\u0434 \u0441\u0442\u0440\u0430\u0443\u0441.</p>\r\n\r\n<p>\u041e\u0441\u0442\u0430\u043b\u044c\u043d\u0430\u044f \u0447\u0430\u0441\u0442\u044c \u0441\u0443\u043c\u043a\u0438: \u0447\u0435\u0440\u043d\u0430\u044f \u043f\u043e\u043b\u0438\u043c\u0435\u0440\u0435\u043d\u0430\u044f \u043a\u043e\u0436\u0430</p>\r\n\r\n<p>&nbsp;</p>\r\n"}}, {"pk": 31, "model": "catalog.item", "fields": {"category": 4, "slug": "5-meh", "art": "5 (\u043c\u0435\u0445)", "name": "\u041f\u0435\u0440\u0447\u0430\u0442\u043a\u0430 \u043c\u0443\u0436\u0441\u043a\u0430\u044f 5 (\u043c\u0435\u0445)", "sizes": [14, 15, 16], "color": 5, "season": "aw", "brand": null, "material": 1, "price_opt": 1800.0, "order": 100, "date": "2013-11-26T13:44:59", "at_home": false, "price_old": null, "price": 2000.0, "description": "<p>\u041f\u0435\u0440\u0447\u0430\u0442\u043a\u0430 \u043c\u0443\u0436\u0441\u043a\u0430\u044f \u043a\u043e\u0436\u0430\u043d\u0430\u044f, \u043f\u043e\u0434\u043a\u043b\u0430\u0434\u043a\u0430 \u043d\u0430\u0442\u0443\u0440\u0430\u043b\u044c\u043d\u044b\u0439 \u043c\u0435\u0445</p>\r\n"}}, {"pk": 28, "model": "catalog.item", "fields": {"category": 13, "slug": "1", "art": "187967907", "name": "\u041f\u0435\u0440\u0447\u0430\u0442\u043a\u0430 \u043d\u0435\u0436\u0435\u043d\u0441\u043a\u0430\u044f", "sizes": [7, 8, 9, 10], "color": 5, "season": "ss", "brand": 7, "material": 1, "price_opt": 7500.0, "order": 100, "date": "2013-11-25T11:25:49", "at_home": false, "price_old": null, "price": 7800.0, "description": "<p>\u041f\u0435\u0440\u0447\u0430\u0442\u043a\u0430 \u043a\u043e\u0436\u0430\u043d\u0430\u044f</p>\r\n"}}, {"pk": 29, "model": "catalog.item", "fields": {"category": 4, "slug": "2", "art": "2", "name": "\u041f\u0435\u0440\u0447\u0430\u0442\u043a\u0430 \u043c\u0443\u0436\u0441\u043a\u0430\u044f 2", "sizes": [14, 15, 16, 17], "color": 5, "season": "aw", "brand": null, "material": 1, "price_opt": 2500.0, "order": 100, "date": "2013-11-25T13:53:48", "at_home": false, "price_old": null, "price": 3000.0, "description": "<p>\u041f\u0435\u0440\u0447\u0430\u0442\u043a\u0430 \u043a\u043e\u0436\u0430\u043d\u043d\u0430\u044f</p>\r\n"}}, {"pk": 30, "model": "catalog.item", "fields": {"category": 4, "slug": "3", "art": "3", "name": "\u041f\u0435\u0440\u0447\u0430\u0442\u043a\u0430 \u043c\u0443\u0436\u0441\u043a\u0430\u044f 3", "sizes": [13, 14, 15], "color": 5, "season": null, "brand": null, "material": 1, "price_opt": 1333.0, "order": 100, "date": "2013-11-25T13:57:17", "at_home": false, "price_old": null, "price": 1555.0, "description": "<p>\u041a\u043e\u0436\u0430\u043d\u043d\u0430\u044f</p>\r\n"}}, {"pk": 33, "model": "catalog.item", "fields": {"category": 14, "slug": "sumka-1", "art": "\u0441\u0443\u043c\u043a\u0430 1", "name": "\u0441\u0443\u043c\u043a\u0430 1", "sizes": [], "color": 5, "season": null, "brand": null, "material": 4, "price_opt": 3.0, "order": 100, "date": "2013-11-26T16:24:39", "at_home": false, "price_old": null, "price": 5.0, "description": "<p>\u0441\u0443\u043c\u043a\u0430 1</p>\r\n"}}, {"pk": 34, "model": "catalog.item", "fields": {"category": 14, "slug": "sum-2", "art": "\u0441\u0443\u043c 2", "name": "\u0441\u0443\u043c 2", "sizes": [], "color": 5, "season": null, "brand": null, "material": 4, "price_opt": 1.0, "order": 100, "date": "2013-11-26T16:30:04", "at_home": false, "price_old": null, "price": 2.0, "description": "<p>1111111</p>\r\n"}}, {"pk": 35, "model": "catalog.item", "fields": {"category": 14, "slug": "sum-5", "art": "\u0441\u0443\u043c 5", "name": "\u0441\u0443\u043c 5", "sizes": [], "color": 2, "season": null, "brand": null, "material": 4, "price_opt": 1.0, "order": 100, "date": "2013-11-26T16:56:07", "at_home": false, "price_old": null, "price": 2.0, "description": "<p>\u0432\u0432\u0435\u0433\u0432</p>\r\n"}}, {"pk": 37, "model": "catalog.item", "fields": {"category": 14, "slug": "sumka1", "art": "\u0421\u0443\u043c\u043a\u0430_1", "name": "\u0421\u0443\u043c\u043a\u0430_1", "sizes": [], "color": 9, "season": null, "brand": null, "material": null, "price_opt": 111.0, "order": 100, "date": "2013-11-26T19:47:14", "at_home": false, "price_old": null, "price": 111.0, "description": "<p>1_1_1</p>\r\n"}}, {"pk": 38, "model": "catalog.item", "fields": {"category": 14, "slug": "sumka2", "art": "\u0421\u0443\u043c\u043a\u0430_2", "name": "\u0421\u0443\u043c\u043a\u0430_2", "sizes": [], "color": 9, "season": null, "brand": null, "material": null, "price_opt": 222.0, "order": 100, "date": "2013-11-26T19:50:41", "at_home": false, "price_old": null, "price": 222.0, "description": "<p>222</p>\r\n"}}, {"pk": 40, "model": "catalog.item", "fields": {"category": 14, "slug": "sumka5", "art": "\u0421\u0443\u043c\u043a\u0430_5", "name": "\u0421\u0443\u043c\u043a\u0430_5", "sizes": [], "color": 9, "season": null, "brand": null, "material": null, "price_opt": 555.0, "order": 100, "date": "2013-11-26T19:52:12", "at_home": false, "price_old": null, "price": 555.0, "description": "<p>555</p>\r\n"}}, {"pk": 41, "model": "catalog.item", "fields": {"category": 14, "slug": "sumka6", "art": "\u0421\u0443\u043c\u043a\u0430_6", "name": "\u0421\u0443\u043c\u043a\u0430_6", "sizes": [], "color": 9, "season": null, "brand": null, "material": null, "price_opt": 666.0, "order": 100, "date": "2013-11-26T19:52:35", "at_home": false, "price_old": null, "price": 666.0, "description": "<p>666</p>\r\n"}}, {"pk": 39, "model": "catalog.item", "fields": {"category": 14, "slug": "sumka4", "art": "\u0421\u0443\u043c\u043a\u0430_4", "name": "\u0421\u0443\u043c\u043a\u0430_4", "sizes": [], "color": 9, "season": null, "brand": null, "material": null, "price_opt": 444.0, "order": 100, "date": "2013-11-26T19:51:41", "at_home": false, "price_old": null, "price": 444.0, "description": "<p>444</p>\r\n"}}, {"pk": 42, "model": "catalog.item", "fields": {"category": 14, "slug": "sumka7", "art": "\u0421\u0443\u043c\u043a\u0430_7", "name": "\u0421\u0443\u043c\u043a\u0430_7", "sizes": [], "color": 9, "season": null, "brand": null, "material": null, "price_opt": 777.0, "order": 100, "date": "2013-11-26T19:53:42", "at_home": false, "price_old": null, "price": 777.0, "description": "<p>777</p>\r\n"}}, {"pk": 43, "model": "catalog.item", "fields": {"category": 14, "slug": "sumka8", "art": "\u0421\u0443\u043c\u043a\u0430_8", "name": "\u0421\u0443\u043c\u043a\u0430_8", "sizes": [], "color": 9, "season": null, "brand": null, "material": null, "price_opt": 888.0, "order": 100, "date": "2013-11-26T19:54:42", "at_home": false, "price_old": null, "price": 888.0, "description": "<p>888</p>\r\n"}}, {"pk": 44, "model": "catalog.item", "fields": {"category": 14, "slug": "sumka9", "art": "\u0421\u0443\u043c\u043a\u0430_9", "name": "\u0421\u0443\u043c\u043a\u0430_9", "sizes": [], "color": 9, "season": null, "brand": null, "material": null, "price_opt": 999.0, "order": 100, "date": "2013-11-26T19:55:17", "at_home": false, "price_old": null, "price": 999.0, "description": "<p>999</p>\r\n"}}, {"pk": 8, "model": "catalog.image", "fields": {"item": 7, "image": "uploads/items/101-3_\u043c\u0435\u0445.jpg", "order": 100}}, {"pk": 10, "model": "catalog.image", "fields": {"item": 9, "image": "uploads/items/276\u0437\u0430\u043c\u0448\u0430_\u0444\u043b\u0438\u0441.JPG", "order": 100}}, {"pk": 11, "model": "catalog.image", "fields": {"item": 10, "image": "uploads/items/904_\u0432\u043e\u0434\u0438\u0442..jpg", "order": 100}}, {"pk": 12, "model": "catalog.image", "fields": {"item": 11, "image": "uploads/items/9-2347-2BLUE.JPG", "order": 100}}, {"pk": 14, "model": "catalog.image", "fields": {"item": 13, "image": "uploads/items/9-2454A_GREY.JPG", "order": 100}}, {"pk": 15, "model": "catalog.image", "fields": {"item": 14, "image": "uploads/items/9-2468_BLACK.JPG", "order": 100}}, {"pk": 16, "model": "catalog.image", "fields": {"item": 15, "image": "uploads/items/9-3347_BLACK.JPG", "order": 100}}, {"pk": 17, "model": "catalog.image", "fields": {"item": 16, "image": "uploads/items/8089_BROWN.JPG", "order": 100}}, {"pk": 18, "model": "catalog.image", "fields": {"item": 17, "image": "uploads/items/8137_BROWN.JPG", "order": 100}}, {"pk": 19, "model": "catalog.image", "fields": {"item": 18, "image": "uploads/items/8154_BLACK.JPG", "order": 100}}, {"pk": 20, "model": "catalog.image", "fields": {"item": 19, "image": "uploads/items/8220_BROWN.JPG", "order": 100}}, {"pk": 21, "model": "catalog.image", "fields": {"item": 20, "image": "uploads/items/9232_BROWN.JPG", "order": 100}}, {"pk": 22, "model": "catalog.image", "fields": {"item": 21, "image": "uploads/items/6932-01.JPG", "order": 100}}, {"pk": 23, "model": "catalog.image", "fields": {"item": 22, "image": "uploads/items/7145-1-A130.A1051_Black.jpg", "order": 100}}, {"pk": 24, "model": "catalog.image", "fields": {"item": 23, "image": "uploads/items/20072-2-6995A.1494.JPG", "order": 100}}, {"pk": 26, "model": "catalog.image", "fields": {"item": 25, "image": "uploads/items/23501.jpg", "order": 100}}, {"pk": 27, "model": "catalog.image", "fields": {"item": 26, "image": "uploads/items/23521-1-A923.JPG", "order": 100}}, {"pk": 28, "model": "catalog.image", "fields": {"item": 27, "image": "uploads/items/24431-1-YB-V.JPG", "order": 100}}, {"pk": 9, "model": "catalog.image", "fields": {"item": 8, "image": "uploads/items/1m2.jpg", "order": 100}}, {"pk": 25, "model": "catalog.image", "fields": {"item": 24, "image": "", "order": 100}}, {"pk": 29, "model": "catalog.image", "fields": {"item": 24, "image": "uploads/items/20098-80A.L1080_m.jpg", "order": 100}}, {"pk": 30, "model": "catalog.image", "fields": {"item": 28, "image": "uploads/items/perchatka_big.jpg", "order": 100}}, {"pk": 31, "model": "catalog.image", "fields": {"item": 29, "image": "uploads/items/P1010058.JPG", "order": 100}}, {"pk": 32, "model": "catalog.image", "fields": {"item": 30, "image": "uploads/items/P1010059.JPG", "order": 100}}, {"pk": 34, "model": "catalog.image", "fields": {"item": 32, "image": "uploads/items/P10100341.JPG", "order": 100}}, {"pk": 33, "model": "catalog.image", "fields": {"item": 31, "image": "uploads/items/P10100321.JPG", "order": 100}}, {"pk": 35, "model": "catalog.image", "fields": {"item": 33, "image": "uploads/items/9-2409-1_BLACK_1.JPG", "order": 100}}, {"pk": 36, "model": "catalog.image", "fields": {"item": 34, "image": "uploads/items/1536A-B4.JPG", "order": 100}}, {"pk": 37, "model": "catalog.image", "fields": {"item": 35, "image": "uploads/items/9-2409-1_BLACK_1_1.JPG", "order": 100}}, {"pk": 38, "model": "catalog.image", "fields": {"item": 36, "image": "uploads/items/1536A-B4_1.JPG", "order": 100}}, {"pk": 13, "model": "catalog.image", "fields": {"item": 12, "image": "uploads/items/3.jpg", "order": 100}}, {"pk": 39, "model": "catalog.image", "fields": {"item": 37, "image": "uploads/items/1.jpg", "order": 100}}, {"pk": 40, "model": "catalog.image", "fields": {"item": 38, "image": "uploads/items/2.jpg", "order": 100}}, {"pk": 41, "model": "catalog.image", "fields": {"item": 40, "image": "uploads/items/5.jpg", "order": 100}}, {"pk": 42, "model": "catalog.image", "fields": {"item": 41, "image": "uploads/items/6.jpg", "order": 100}}, {"pk": 43, "model": "catalog.image", "fields": {"item": 39, "image": "uploads/items/4.jpg", "order": 100}}, {"pk": 44, "model": "catalog.image", "fields": {"item": 42, "image": "uploads/items/7.jpg", "order": 100}}, {"pk": 45, "model": "catalog.image", "fields": {"item": 43, "image": "uploads/items/8.jpg", "order": 100}}, {"pk": 46, "model": "catalog.image", "fields": {"item": 44, "image": "uploads/items/9.jpg", "order": 100}}, {"pk": 1, "model": "pages.page", "fields": {"content": "<h1>\u0417\u0430\u0433\u043e\u043b\u043e\u0432\u043e\u043a 1 \u0443\u0440\u043e\u0432\u0435\u043d\u044c</h1>\r\n\t\r\n\t\t\t\t\t\t\t<p>\r\n\t\t\t\t\t\t\t\t\u0414\u043e\u0441\u0442\u0430\u0432\u043a\u0430 \u043e\u0441\u0443\u0449\u0435\u0441\u0442\u0432\u043b\u044f\u0435\u0442\u0441\u044f \u043f\u043e \u041c\u043e\u0441\u043a\u0432\u0435 \u0438 <a href=\"\">\u041c\u043e\u0441\u043a\u043e\u0432\u0441\u043a\u043e\u0439</a> \u043e\u0431\u043b\u0430\u0441\u0442\u0438 (\u0434\u043e 8 \u043a\u043c \u043e\u0442 \u041c\u041a\u0410\u0414), \u043f\u043e \u0431\u0443\u0434\u043d\u044f\u043c \u0441 11 \u0434\u043e 19 \u0447\u0430\u0441\u043e\u0432. \u041f\u0440\u0438 \u043e\u0444\u043e\u0440\u043c\u043b\u0435\u043d\u0438\u0438 \u0437\u0430\u043a\u0430\u0437\u0430 \u0432\u044b\u0431\u0435\u0440\u0435\u0442\u0435 \u0443\u0434\u043e\u0431\u043d\u044b\u0439 \u0434\u0435\u043d\u044c \u0434\u043e\u0441\u0442\u0430\u0432\u043a\u0438. \u0417\u0430\u043a\u0430\u0437, \u043e\u0444\u043e\u0440\u043c\u043b\u0435\u043d\u043d\u044b\u0439 \u0434\u043e 15:00 \u043c\u043e\u0436\u0435\u0442 \u0431\u044b\u0442\u044c \u0434\u043e\u0441\u0442\u0430\u0432\u043b\u0435\u043d \u043d\u0430 \u0441\u043b\u0435\u0434\u0443\u044e\u0449\u0438\u0439 \u0434\u0435\u043d\u044c. \u0417\u0430\u043a\u0430\u0437\u044b, \u0440\u0430\u0437\u043c\u0435\u0449\u0435\u043d\u043d\u044b\u0435 \u043f\u043e\u0441\u043b\u0435 15:00 \u0432 \u043f\u044f\u0442\u043d\u0438\u0446\u0443 \u0438 \u0432 \u0432\u044b\u0445\u043e\u0434\u043d\u044b\u0435 \u0434\u043d\u0438, \u0434\u043e\u0441\u0442\u0430\u0432\u043b\u044f\u044e\u0442\u0441\u044f \u0432 \u0431\u043b\u0438\u0436\u0430\u0439\u0448\u0438\u0439 \u0432\u0442\u043e\u0440\u043d\u0438\u043a. \u0412 \u0434\u0435\u043d\u044c \u0434\u043e\u0441\u0442\u0430\u0432\u043a\u0438 \u043a\u0443\u0440\u044c\u0435\u0440 \u0441\u0432\u044f\u0436\u0435\u0442\u0441\u044f \u043f\u043e \u0443\u043a\u0430\u0437\u0430\u043d\u043d\u043e\u043c\u0443 \u0432 \u0437\u0430\u043a\u0430\u0437\u0435 \u0442\u0435\u043b\u0435\u0444\u043e\u043d\u0443 \u0434\u043b\u044f \u0443\u0442\u043e\u0447\u043d\u0435\u043d\u0438\u044f \u0432\u0440\u0435\u043c\u0435\u043d\u0438 \u0434\u043e\u0441\u0442\u0430\u0432\u043a\u0438. \u0415\u0441\u043b\u0438 \u0412\u044b \u0441\u043e\u043c\u043d\u0435\u0432\u0430\u0435\u0442\u0435\u0441\u044c \u0432 \u043f\u0440\u0430\u0432\u0438\u043b\u044c\u043d\u043e\u0441\u0442\u0438 \u0432\u044b\u0431\u043e\u0440\u0430 \u0438\u043b\u0438 \u0440\u0430\u0437\u043c\u0435\u0440\u0435, \u0412\u044b \u043c\u043e\u0436\u0435\u0442\u0435 \u0437\u0430\u043a\u0430\u0437\u0430\u0442\u044c \u043d\u0435\u0441\u043a\u043e\u043b\u044c\u043a\u043e \u0442\u043e\u0432\u0430\u0440\u043e\u0432 \u0434\u043b\u044f \u043f\u0440\u0438\u043c\u0435\u0440\u043a\u0438 \u0432 \u0441\u043e\u043e\u0442\u0432\u0435\u0442\u0441\u0442\u0432\u0438\u0438 \u0441 \u0434\u0430\u043d\u043d\u044b\u043c\u0438 \u043e\u0433\u0440\u0430\u043d\u0438\u0447\u0435\u043d\u0438\u044f\u043c\u0438: \r\n\t\t\t\t\t\t\t</p>\r\n\t\r\n\t\t\t\t\r\n\t\t\t\t\t\t\t<h2>\u0417\u0430\u0433\u043e\u043b\u043e\u0432\u043e\u043a 2 \u0443\u0440\u043e\u0432\u0435\u043d\u044c</h2>\r\n\t\t\t\t\r\n\t\t\t\t\t\t\t<p>\r\n\t\t\t\t\t\t\t\t\u0421\u0430\u043c\u043e\u0432\u044b\u0432\u043e\u0437 \u0437\u0430\u043a\u0430\u0437\u043e\u0432 \u0438\u0437 \u043f\u0443\u043d\u043a\u0442\u0430 \u0432\u044b\u0434\u0430\u0447\u0438 (\u043c. \u0412\u043e\u0439\u043a\u043e\u0432\u0441\u043a\u0430\u044f)\r\n\r\n\t\t\t\t\t\t\t\t\u0412\u044b \u043c\u043e\u0436\u0435\u0442\u0435 \u043f\u043e\u043b\u0443\u0447\u0438\u0442\u044c \u0441\u0432\u043e\u0439 \u0437\u0430\u043a\u0430\u0437 \u0432 \u043f\u0443\u043d\u043a\u0442\u0435 \u0441\u0430\u043c\u043e\u0432\u044b\u0432\u043e\u0437\u0430 \u043f\u043e \u0430\u0434\u0440\u0435\u0441\u0443: \u0443\u043b. \u041a\u043e\u0441\u043c\u043e\u043d\u0430\u0432\u0442\u0430 \u0412\u043e\u043b\u043a\u043e\u0432\u0430, \u0434. 10, \u043e\u0444. 7, \u0441\u0442\u0430\u043d\u0446\u0438\u044f \u043c\u0435\u0442\u0440\u043e \u00ab\u0412\u043e\u0439\u043a\u043e\u0432\u0441\u043a\u0430\u044f\u00bb \u043d\u0430 \u0441\u043b\u0435\u0434\u0443\u044e\u0449\u0438\u0439 \u0440\u0430\u0431\u043e\u0447\u0438\u0439 \u0434\u0435\u043d\u044c \u0441 15:00 \u0434\u043e 19:00 \u043f\u043e\u0441\u043b\u0435 \u0440\u0430\u0437\u043c\u0435\u0449\u0435\u043d\u0438\u044f, \u0435\u0441\u043b\u0438 \u043e\u043d \u043e\u0444\u043e\u0440\u043c\u043b\u0435\u043d \u0434\u043e 15:00, \u0432\u043e \u0432\u0441\u0435 \u043f\u043e\u0441\u043b\u0435\u0434\u0443\u044e\u0449\u0438\u0435 \u0434\u043d\u0438 \u0441 10:00 \u0434\u043e 19:00. \u0421\u0440\u043e\u043a \u0445\u0440\u0430\u043d\u0435\u043d\u0438\u044f \u0437\u0430\u043a\u0430\u0437\u0430 \u0432 \u043f\u0443\u043d\u043a\u0442\u0435 \u0441\u0430\u043c\u043e\u0432\u044b\u0432\u043e\u0437\u0430 \u0441\u043e\u0441\u0442\u0430\u0432\u043b\u044f\u0435\u0442 7 \u0434\u043d\u0435\u0439, \u0432\u043a\u043b\u044e\u0447\u0430\u044f \u0434\u0430\u0442\u0443 \u0440\u0430\u0437\u043c\u0435\u0449\u0435\u043d\u0438\u044f.\r\n\r\n\t\t\t\t\t\t\t\t\u0411\u0435\u0441\u043f\u043b\u0430\u0442\u043d\u044b\u0439 \u0441\u043f\u043e\u0441\u043e\u0431 \u0434\u043e\u0441\u0442\u0430\u0432\u043a\u0438. \u0412\u044b \u043c\u043e\u0436\u0435\u0442\u0435 \u0437\u0430\u043a\u0430\u0437\u0430\u0442\u044c \u043d\u0435\u0441\u043a\u043e\u043b\u044c\u043a\u043e \u0442\u043e\u0432\u0430\u0440\u043e\u0432 \u0434\u043b\u044f \u043f\u0440\u0438\u043c\u0435\u0440\u043a\u0438 \u0432 \u0441\u043e\u043e\u0442\u0432\u0435\u0442\u0441\u0442\u0432\u0438\u0438 \u0441 \u0434\u0430\u043d\u043d\u044b\u043c\u0438 \u043e\u0433\u0440\u0430\u043d\u0438\u0447\u0435\u043d\u0438\u044f\u043c\u0438:\r\n\t\t\t\t\t\t\t</p>\t\r\n\r\n\r\n\t\t\t\t\r\n\t\t\t\t\t\t\t<h3>\u0417\u0430\u0433\u043e\u043b\u043e\u0432\u043e\u043a 3 \u0443\u0440\u043e\u0432\u0435\u043d\u044c</h3>\r\n\t\t\t\t\r\n\r\n\r\n\t\t\t\t\t\t\t<p>\r\n\r\n\t\t\t\t\t\t\t\t\u0421\u0430\u043c\u043e\u0432\u044b\u0432\u043e\u0437 \u0437\u0430\u043a\u0430\u0437\u043e\u0432 \u0438\u0437 \u043f\u0443\u043d\u043a\u0442\u0430 \u0432\u044b\u0434\u0430\u0447\u0438 (\u043c. \u0412\u043e\u0439\u043a\u043e\u0432\u0441\u043a\u0430\u044f)\r\n\r\n\t\t\t\t\t\t\t\t\u0412\u044b \u043c\u043e\u0436\u0435\u0442\u0435 \u043f\u043e\u043b\u0443\u0447\u0438\u0442\u044c \u0441\u0432\u043e\u0439 \u0437\u0430\u043a\u0430\u0437 \u0432 \u043f\u0443\u043d\u043a\u0442\u0435 \u0441\u0430\u043c\u043e\u0432\u044b\u0432\u043e\u0437\u0430 \u043f\u043e \u0430\u0434\u0440\u0435\u0441\u0443: \u0443\u043b. \u041a\u043e\u0441\u043c\u043e\u043d\u0430\u0432\u0442\u0430 \u0412\u043e\u043b\u043a\u043e\u0432\u0430, \u0434. 10, \u043e\u0444. 7, \u0441\u0442\u0430\u043d\u0446\u0438\u044f \u043c\u0435\u0442\u0440\u043e \u00ab\u0412\u043e\u0439\u043a\u043e\u0432\u0441\u043a\u0430\u044f\u00bb \u043d\u0430 \u0441\u043b\u0435\u0434\u0443\u044e\u0449\u0438\u0439 \u0440\u0430\u0431\u043e\u0447\u0438\u0439 \u0434\u0435\u043d\u044c \u0441 15:00 \u0434\u043e 19:00 \u043f\u043e\u0441\u043b\u0435 \u0440\u0430\u0437\u043c\u0435\u0449\u0435\u043d\u0438\u044f, \u0435\u0441\u043b\u0438 \u043e\u043d \u043e\u0444\u043e\u0440\u043c\u043b\u0435\u043d \u0434\u043e 15:00, \u0432\u043e \u0432\u0441\u0435 \u043f\u043e\u0441\u043b\u0435\u0434\u0443\u044e\u0449\u0438\u0435 \u0434\u043d\u0438 \u0441 10:00 \u0434\u043e 19:00. \u0421\u0440\u043e\u043a \u0445\u0440\u0430\u043d\u0435\u043d\u0438\u044f \u0437\u0430\u043a\u0430\u0437\u0430 \u0432 \u043f\u0443\u043d\u043a\u0442\u0435 \u0441\u0430\u043c\u043e\u0432\u044b\u0432\u043e\u0437\u0430 \u0441\u043e\u0441\u0442\u0430\u0432\u043b\u044f\u0435\u0442 7 \u0434\u043d\u0435\u0439, \u0432\u043a\u043b\u044e\u0447\u0430\u044f \u0434\u0430\u0442\u0443 \u0440\u0430\u0437\u043c\u0435\u0449\u0435\u043d\u0438\u044f.\r\n\r\n\t\t\t\t\t\t\t\t\u0411\u0435\u0441\u043f\u043b\u0430\u0442\u043d\u044b\u0439 \u0441\u043f\u043e\u0441\u043e\u0431 \u0434\u043e\u0441\u0442\u0430\u0432\u043a\u0438. \u0412\u044b \u043c\u043e\u0436\u0435\u0442\u0435 \u0437\u0430\u043a\u0430\u0437\u0430\u0442\u044c \u043d\u0435\u0441\u043a\u043e\u043b\u044c\u043a\u043e \u0442\u043e\u0432\u0430\u0440\u043e\u0432 \u0434\u043b\u044f \u043f\u0440\u0438\u043c\u0435\u0440\u043a\u0438 \u0432 \u0441\u043e\u043e\u0442\u0432\u0435\u0442\u0441\u0442\u0432\u0438\u0438 \u0441 \u0434\u0430\u043d\u043d\u044b\u043c\u0438 \u043e\u0433\u0440\u0430\u043d\u0438\u0447\u0435\u043d\u0438\u044f\u043c\u0438:\r\n\t\t\t\t\t\t\t</p>\t\t\t\r\n\r\n\t\t\t\t\t\t\t<div class=\"feedok\">\u0412\u0430\u0448\u0435 \u0441\u043e\u043e\u0431\u0449\u0435\u043d\u0438\u0435 \u043e\u0442\u043f\u0440\u0430\u0432\u043b\u0435\u043d\u043e</div>\r\n\r\n\t\t\t\t\t\t\t<div class=\"errorSummary\">\u041e\u0448\u0438\u0431\u043a\u0438</div>\r\n\r\n\r\n\r\n\t\t\t\t\t\t\t<ul>\r\n\t\t\t\t\t\t\t\t<li>\u0421\u0443\u043c\u043a\u0438 \u2013 \u043d\u0435 \u0431\u043e\u043b\u0435\u0435 2 \u0448\u0442\u0443\u043a;</li>\r\n\t\t\t\t\t\t\t\t<li> \u041f\u0435\u0440\u0447\u0430\u0442\u043a\u0438 \u2013 \u043d\u0435 \u0431\u043e\u043b\u0435\u0435 3 \u0448\u0442\u0443\u043a;</li>\r\n\t\t\t\t\t\t\t\t<li>\u041f\u043b\u0430\u0442\u043a\u0438, \u0417\u043e\u043d\u0442\u044b, \u0410\u043a\u0441\u0435\u0441\u0441\u0443\u0430\u0440\u044b \u2013 \u043d\u0435 \u0431\u043e\u043b\u0435\u0435 2 \u0448\u0442\u0443\u043a.</li>\r\n\r\n\t\t\t\t\t\t\t</ul>\r\n\r\n\t\t\t\t\t\t\t<ol>\r\n\t\t\t\t\t\t\t\t<li><a href=\"\">\u0421\u0441\u044b\u043b\u043a\u0430 \u0441\u043f\u0438\u0441\u043a\u0430</a></li>\r\n\t\t\t\t\t\t\t\t<li>\u042d\u043b\u0435\u043c\u0435\u043d\u0442 \u0441\u043f\u0438\u043a\u0430 1</li>\r\n\t\t\t\t\t\t\t\t<li>\u042d\u043b\u0435\u043c\u0435\u043d\u0442 \u0441\u043f\u0438\u043a\u0430 2</li>\r\n\t\t\t\t\t\t\t\t<li>\u042d\u043b\u0435\u043c\u0435\u043d\u0442 \u0441\u043f\u0438\u043a\u0430 3</li>\r\n\t\t\t\t\t\t\t</ol>\r\n\t\t\r\n\t\t\t\t\t\t\t<p>\r\n\r\n\t\t\t\t\t\t\t\t\u0421\u0430\u043c\u043e\u0432\u044b\u0432\u043e\u0437 \u0437\u0430\u043a\u0430\u0437\u043e\u0432 \u0438\u0437 \u043f\u0443\u043d\u043a\u0442\u0430 \u0432\u044b\u0434\u0430\u0447\u0438 (\u043c. \u0412\u043e\u0439\u043a\u043e\u0432\u0441\u043a\u0430\u044f)\r\n\r\n\t\t\t\t\t\t\t\t\u0412\u044b \u043c\u043e\u0436\u0435\u0442\u0435 \u043f\u043e\u043b\u0443\u0447\u0438\u0442\u044c \u0441\u0432\u043e\u0439 \u0437\u0430\u043a\u0430\u0437 \u0432 \u043f\u0443\u043d\u043a\u0442\u0435 \u0441\u0430\u043c\u043e\u0432\u044b\u0432\u043e\u0437\u0430 \u043f\u043e \u0430\u0434\u0440\u0435\u0441\u0443: \u0443\u043b. \u041a\u043e\u0441\u043c\u043e\u043d\u0430\u0432\u0442\u0430 \u0412\u043e\u043b\u043a\u043e\u0432\u0430, \u0434. 10, \u043e\u0444. 7, \u0441\u0442\u0430\u043d\u0446\u0438\u044f \u043c\u0435\u0442\u0440\u043e \u00ab\u0412\u043e\u0439\u043a\u043e\u0432\u0441\u043a\u0430\u044f\u00bb \u043d\u0430 \u0441\u043b\u0435\u0434\u0443\u044e\u0449\u0438\u0439 \u0440\u0430\u0431\u043e\u0447\u0438\u0439 \u0434\u0435\u043d\u044c \u0441 15:00 \u0434\u043e 19:00 \u043f\u043e\u0441\u043b\u0435 \u0440\u0430\u0437\u043c\u0435\u0449\u0435\u043d\u0438\u044f, \u0435\u0441\u043b\u0438 \u043e\u043d \u043e\u0444\u043e\u0440\u043c\u043b\u0435\u043d \u0434\u043e 15:00, \u0432\u043e \u0432\u0441\u0435 \u043f\u043e\u0441\u043b\u0435\u0434\u0443\u044e\u0449\u0438\u0435 \u0434\u043d\u0438 \u0441 10:00 \u0434\u043e 19:00. \u0421\u0440\u043e\u043a \u0445\u0440\u0430\u043d\u0435\u043d\u0438\u044f \u0437\u0430\u043a\u0430\u0437\u0430 \u0432 \u043f\u0443\u043d\u043a\u0442\u0435 \u0441\u0430\u043c\u043e\u0432\u044b\u0432\u043e\u0437\u0430 \u0441\u043e\u0441\u0442\u0430\u0432\u043b\u044f\u0435\u0442 7 \u0434\u043d\u0435\u0439, \u0432\u043a\u043b\u044e\u0447\u0430\u044f \u0434\u0430\u0442\u0443 \u0440\u0430\u0437\u043c\u0435\u0449\u0435\u043d\u0438\u044f.\r\n\r\n\t\t\t\t\t\t\t\t\u0411\u0435\u0441\u043f\u043b\u0430\u0442\u043d\u044b\u0439 \u0441\u043f\u043e\u0441\u043e\u0431 \u0434\u043e\u0441\u0442\u0430\u0432\u043a\u0438. \u0412\u044b \u043c\u043e\u0436\u0435\u0442\u0435 \u0437\u0430\u043a\u0430\u0437\u0430\u0442\u044c \u043d\u0435\u0441\u043a\u043e\u043b\u044c\u043a\u043e \u0442\u043e\u0432\u0430\u0440\u043e\u0432 \u0434\u043b\u044f \u043f\u0440\u0438\u043c\u0435\u0440\u043a\u0438 \u0432 \u0441\u043e\u043e\u0442\u0432\u0435\u0442\u0441\u0442\u0432\u0438\u0438 \u0441 \u0434\u0430\u043d\u043d\u044b\u043c\u0438 \u043e\u0433\u0440\u0430\u043d\u0438\u0447\u0435\u043d\u0438\u044f\u043c\u0438:\r\n\t\t\t\t\t\t\t</p>\t", "slug": "dostavka", "title": "\u0414\u043e\u0441\u0442\u0430\u0432\u043a\u0430"}}, {"pk": 2, "model": "pages.page", "fields": {"content": "<h1>\u0417\u0430\u0433\u043e\u043b\u043e\u0432\u043e\u043a 1 \u0443\u0440\u043e\u0432\u0435\u043d\u044c</h1>\r\n\t\r\n\t\t\t\t\t\t\t<p>\r\n\t\t\t\t\t\t\t\t\u0414\u043e\u0441\u0442\u0430\u0432\u043a\u0430 \u043e\u0441\u0443\u0449\u0435\u0441\u0442\u0432\u043b\u044f\u0435\u0442\u0441\u044f \u043f\u043e \u041c\u043e\u0441\u043a\u0432\u0435 \u0438 <a href=\"\">\u041c\u043e\u0441\u043a\u043e\u0432\u0441\u043a\u043e\u0439</a> \u043e\u0431\u043b\u0430\u0441\u0442\u0438 (\u0434\u043e 8 \u043a\u043c \u043e\u0442 \u041c\u041a\u0410\u0414), \u043f\u043e \u0431\u0443\u0434\u043d\u044f\u043c \u0441 11 \u0434\u043e 19 \u0447\u0430\u0441\u043e\u0432. \u041f\u0440\u0438 \u043e\u0444\u043e\u0440\u043c\u043b\u0435\u043d\u0438\u0438 \u0437\u0430\u043a\u0430\u0437\u0430 \u0432\u044b\u0431\u0435\u0440\u0435\u0442\u0435 \u0443\u0434\u043e\u0431\u043d\u044b\u0439 \u0434\u0435\u043d\u044c \u0434\u043e\u0441\u0442\u0430\u0432\u043a\u0438. \u0417\u0430\u043a\u0430\u0437, \u043e\u0444\u043e\u0440\u043c\u043b\u0435\u043d\u043d\u044b\u0439 \u0434\u043e 15:00 \u043c\u043e\u0436\u0435\u0442 \u0431\u044b\u0442\u044c \u0434\u043e\u0441\u0442\u0430\u0432\u043b\u0435\u043d \u043d\u0430 \u0441\u043b\u0435\u0434\u0443\u044e\u0449\u0438\u0439 \u0434\u0435\u043d\u044c. \u0417\u0430\u043a\u0430\u0437\u044b, \u0440\u0430\u0437\u043c\u0435\u0449\u0435\u043d\u043d\u044b\u0435 \u043f\u043e\u0441\u043b\u0435 15:00 \u0432 \u043f\u044f\u0442\u043d\u0438\u0446\u0443 \u0438 \u0432 \u0432\u044b\u0445\u043e\u0434\u043d\u044b\u0435 \u0434\u043d\u0438, \u0434\u043e\u0441\u0442\u0430\u0432\u043b\u044f\u044e\u0442\u0441\u044f \u0432 \u0431\u043b\u0438\u0436\u0430\u0439\u0448\u0438\u0439 \u0432\u0442\u043e\u0440\u043d\u0438\u043a. \u0412 \u0434\u0435\u043d\u044c \u0434\u043e\u0441\u0442\u0430\u0432\u043a\u0438 \u043a\u0443\u0440\u044c\u0435\u0440 \u0441\u0432\u044f\u0436\u0435\u0442\u0441\u044f \u043f\u043e \u0443\u043a\u0430\u0437\u0430\u043d\u043d\u043e\u043c\u0443 \u0432 \u0437\u0430\u043a\u0430\u0437\u0435 \u0442\u0435\u043b\u0435\u0444\u043e\u043d\u0443 \u0434\u043b\u044f \u0443\u0442\u043e\u0447\u043d\u0435\u043d\u0438\u044f \u0432\u0440\u0435\u043c\u0435\u043d\u0438 \u0434\u043e\u0441\u0442\u0430\u0432\u043a\u0438. \u0415\u0441\u043b\u0438 \u0412\u044b \u0441\u043e\u043c\u043d\u0435\u0432\u0430\u0435\u0442\u0435\u0441\u044c \u0432 \u043f\u0440\u0430\u0432\u0438\u043b\u044c\u043d\u043e\u0441\u0442\u0438 \u0432\u044b\u0431\u043e\u0440\u0430 \u0438\u043b\u0438 \u0440\u0430\u0437\u043c\u0435\u0440\u0435, \u0412\u044b \u043c\u043e\u0436\u0435\u0442\u0435 \u0437\u0430\u043a\u0430\u0437\u0430\u0442\u044c \u043d\u0435\u0441\u043a\u043e\u043b\u044c\u043a\u043e \u0442\u043e\u0432\u0430\u0440\u043e\u0432 \u0434\u043b\u044f \u043f\u0440\u0438\u043c\u0435\u0440\u043a\u0438 \u0432 \u0441\u043e\u043e\u0442\u0432\u0435\u0442\u0441\u0442\u0432\u0438\u0438 \u0441 \u0434\u0430\u043d\u043d\u044b\u043c\u0438 \u043e\u0433\u0440\u0430\u043d\u0438\u0447\u0435\u043d\u0438\u044f\u043c\u0438: \r\n\t\t\t\t\t\t\t</p>\r\n\t\r\n\t\t\t\t\r\n\t\t\t\t\t\t\t<h2>\u0417\u0430\u0433\u043e\u043b\u043e\u0432\u043e\u043a 2 \u0443\u0440\u043e\u0432\u0435\u043d\u044c</h2>\r\n\t\t\t\t\r\n\t\t\t\t\t\t\t<p>\r\n\t\t\t\t\t\t\t\t\u0421\u0430\u043c\u043e\u0432\u044b\u0432\u043e\u0437 \u0437\u0430\u043a\u0430\u0437\u043e\u0432 \u0438\u0437 \u043f\u0443\u043d\u043a\u0442\u0430 \u0432\u044b\u0434\u0430\u0447\u0438 (\u043c. \u0412\u043e\u0439\u043a\u043e\u0432\u0441\u043a\u0430\u044f)\r\n\r\n\t\t\t\t\t\t\t\t\u0412\u044b \u043c\u043e\u0436\u0435\u0442\u0435 \u043f\u043e\u043b\u0443\u0447\u0438\u0442\u044c \u0441\u0432\u043e\u0439 \u0437\u0430\u043a\u0430\u0437 \u0432 \u043f\u0443\u043d\u043a\u0442\u0435 \u0441\u0430\u043c\u043e\u0432\u044b\u0432\u043e\u0437\u0430 \u043f\u043e \u0430\u0434\u0440\u0435\u0441\u0443: \u0443\u043b. \u041a\u043e\u0441\u043c\u043e\u043d\u0430\u0432\u0442\u0430 \u0412\u043e\u043b\u043a\u043e\u0432\u0430, \u0434. 10, \u043e\u0444. 7, \u0441\u0442\u0430\u043d\u0446\u0438\u044f \u043c\u0435\u0442\u0440\u043e \u00ab\u0412\u043e\u0439\u043a\u043e\u0432\u0441\u043a\u0430\u044f\u00bb \u043d\u0430 \u0441\u043b\u0435\u0434\u0443\u044e\u0449\u0438\u0439 \u0440\u0430\u0431\u043e\u0447\u0438\u0439 \u0434\u0435\u043d\u044c \u0441 15:00 \u0434\u043e 19:00 \u043f\u043e\u0441\u043b\u0435 \u0440\u0430\u0437\u043c\u0435\u0449\u0435\u043d\u0438\u044f, \u0435\u0441\u043b\u0438 \u043e\u043d \u043e\u0444\u043e\u0440\u043c\u043b\u0435\u043d \u0434\u043e 15:00, \u0432\u043e \u0432\u0441\u0435 \u043f\u043e\u0441\u043b\u0435\u0434\u0443\u044e\u0449\u0438\u0435 \u0434\u043d\u0438 \u0441 10:00 \u0434\u043e 19:00. \u0421\u0440\u043e\u043a \u0445\u0440\u0430\u043d\u0435\u043d\u0438\u044f \u0437\u0430\u043a\u0430\u0437\u0430 \u0432 \u043f\u0443\u043d\u043a\u0442\u0435 \u0441\u0430\u043c\u043e\u0432\u044b\u0432\u043e\u0437\u0430 \u0441\u043e\u0441\u0442\u0430\u0432\u043b\u044f\u0435\u0442 7 \u0434\u043d\u0435\u0439, \u0432\u043a\u043b\u044e\u0447\u0430\u044f \u0434\u0430\u0442\u0443 \u0440\u0430\u0437\u043c\u0435\u0449\u0435\u043d\u0438\u044f.\r\n\r\n\t\t\t\t\t\t\t\t\u0411\u0435\u0441\u043f\u043b\u0430\u0442\u043d\u044b\u0439 \u0441\u043f\u043e\u0441\u043e\u0431 \u0434\u043e\u0441\u0442\u0430\u0432\u043a\u0438. \u0412\u044b \u043c\u043e\u0436\u0435\u0442\u0435 \u0437\u0430\u043a\u0430\u0437\u0430\u0442\u044c \u043d\u0435\u0441\u043a\u043e\u043b\u044c\u043a\u043e \u0442\u043e\u0432\u0430\u0440\u043e\u0432 \u0434\u043b\u044f \u043f\u0440\u0438\u043c\u0435\u0440\u043a\u0438 \u0432 \u0441\u043e\u043e\u0442\u0432\u0435\u0442\u0441\u0442\u0432\u0438\u0438 \u0441 \u0434\u0430\u043d\u043d\u044b\u043c\u0438 \u043e\u0433\u0440\u0430\u043d\u0438\u0447\u0435\u043d\u0438\u044f\u043c\u0438:\r\n\t\t\t\t\t\t\t</p>\t\r\n\r\n\r\n\t\t\t\t\r\n\t\t\t\t\t\t\t<h3>\u0417\u0430\u0433\u043e\u043b\u043e\u0432\u043e\u043a 3 \u0443\u0440\u043e\u0432\u0435\u043d\u044c</h3>\r\n\t\t\t\t\r\n\r\n\r\n\t\t\t\t\t\t\t<p>\r\n\r\n\t\t\t\t\t\t\t\t\u0421\u0430\u043c\u043e\u0432\u044b\u0432\u043e\u0437 \u0437\u0430\u043a\u0430\u0437\u043e\u0432 \u0438\u0437 \u043f\u0443\u043d\u043a\u0442\u0430 \u0432\u044b\u0434\u0430\u0447\u0438 (\u043c. \u0412\u043e\u0439\u043a\u043e\u0432\u0441\u043a\u0430\u044f)\r\n\r\n\t\t\t\t\t\t\t\t\u0412\u044b \u043c\u043e\u0436\u0435\u0442\u0435 \u043f\u043e\u043b\u0443\u0447\u0438\u0442\u044c \u0441\u0432\u043e\u0439 \u0437\u0430\u043a\u0430\u0437 \u0432 \u043f\u0443\u043d\u043a\u0442\u0435 \u0441\u0430\u043c\u043e\u0432\u044b\u0432\u043e\u0437\u0430 \u043f\u043e \u0430\u0434\u0440\u0435\u0441\u0443: \u0443\u043b. \u041a\u043e\u0441\u043c\u043e\u043d\u0430\u0432\u0442\u0430 \u0412\u043e\u043b\u043a\u043e\u0432\u0430, \u0434. 10, \u043e\u0444. 7, \u0441\u0442\u0430\u043d\u0446\u0438\u044f \u043c\u0435\u0442\u0440\u043e \u00ab\u0412\u043e\u0439\u043a\u043e\u0432\u0441\u043a\u0430\u044f\u00bb \u043d\u0430 \u0441\u043b\u0435\u0434\u0443\u044e\u0449\u0438\u0439 \u0440\u0430\u0431\u043e\u0447\u0438\u0439 \u0434\u0435\u043d\u044c \u0441 15:00 \u0434\u043e 19:00 \u043f\u043e\u0441\u043b\u0435 \u0440\u0430\u0437\u043c\u0435\u0449\u0435\u043d\u0438\u044f, \u0435\u0441\u043b\u0438 \u043e\u043d \u043e\u0444\u043e\u0440\u043c\u043b\u0435\u043d \u0434\u043e 15:00, \u0432\u043e \u0432\u0441\u0435 \u043f\u043e\u0441\u043b\u0435\u0434\u0443\u044e\u0449\u0438\u0435 \u0434\u043d\u0438 \u0441 10:00 \u0434\u043e 19:00. \u0421\u0440\u043e\u043a \u0445\u0440\u0430\u043d\u0435\u043d\u0438\u044f \u0437\u0430\u043a\u0430\u0437\u0430 \u0432 \u043f\u0443\u043d\u043a\u0442\u0435 \u0441\u0430\u043c\u043e\u0432\u044b\u0432\u043e\u0437\u0430 \u0441\u043e\u0441\u0442\u0430\u0432\u043b\u044f\u0435\u0442 7 \u0434\u043d\u0435\u0439, \u0432\u043a\u043b\u044e\u0447\u0430\u044f \u0434\u0430\u0442\u0443 \u0440\u0430\u0437\u043c\u0435\u0449\u0435\u043d\u0438\u044f.\r\n\r\n\t\t\t\t\t\t\t\t\u0411\u0435\u0441\u043f\u043b\u0430\u0442\u043d\u044b\u0439 \u0441\u043f\u043e\u0441\u043e\u0431 \u0434\u043e\u0441\u0442\u0430\u0432\u043a\u0438. \u0412\u044b \u043c\u043e\u0436\u0435\u0442\u0435 \u0437\u0430\u043a\u0430\u0437\u0430\u0442\u044c \u043d\u0435\u0441\u043a\u043e\u043b\u044c\u043a\u043e \u0442\u043e\u0432\u0430\u0440\u043e\u0432 \u0434\u043b\u044f \u043f\u0440\u0438\u043c\u0435\u0440\u043a\u0438 \u0432 \u0441\u043e\u043e\u0442\u0432\u0435\u0442\u0441\u0442\u0432\u0438\u0438 \u0441 \u0434\u0430\u043d\u043d\u044b\u043c\u0438 \u043e\u0433\u0440\u0430\u043d\u0438\u0447\u0435\u043d\u0438\u044f\u043c\u0438:\r\n\t\t\t\t\t\t\t</p>\t\t\t\r\n\r\n\t\t\t\t\t\t\t<div class=\"feedok\">\u0412\u0430\u0448\u0435 \u0441\u043e\u043e\u0431\u0449\u0435\u043d\u0438\u0435 \u043e\u0442\u043f\u0440\u0430\u0432\u043b\u0435\u043d\u043e</div>\r\n\r\n\t\t\t\t\t\t\t<div class=\"errorSummary\">\u041e\u0448\u0438\u0431\u043a\u0438</div>\r\n\r\n\r\n\r\n\t\t\t\t\t\t\t<ul>\r\n\t\t\t\t\t\t\t\t<li>\u0421\u0443\u043c\u043a\u0438 \u2013 \u043d\u0435 \u0431\u043e\u043b\u0435\u0435 2 \u0448\u0442\u0443\u043a;</li>\r\n\t\t\t\t\t\t\t\t<li> \u041f\u0435\u0440\u0447\u0430\u0442\u043a\u0438 \u2013 \u043d\u0435 \u0431\u043e\u043b\u0435\u0435 3 \u0448\u0442\u0443\u043a;</li>\r\n\t\t\t\t\t\t\t\t<li>\u041f\u043b\u0430\u0442\u043a\u0438, \u0417\u043e\u043d\u0442\u044b, \u0410\u043a\u0441\u0435\u0441\u0441\u0443\u0430\u0440\u044b \u2013 \u043d\u0435 \u0431\u043e\u043b\u0435\u0435 2 \u0448\u0442\u0443\u043a.</li>\r\n\r\n\t\t\t\t\t\t\t</ul>\r\n\r\n\t\t\t\t\t\t\t<ol>\r\n\t\t\t\t\t\t\t\t<li><a href=\"\">\u0421\u0441\u044b\u043b\u043a\u0430 \u0441\u043f\u0438\u0441\u043a\u0430</a></li>\r\n\t\t\t\t\t\t\t\t<li>\u042d\u043b\u0435\u043c\u0435\u043d\u0442 \u0441\u043f\u0438\u043a\u0430 1</li>\r\n\t\t\t\t\t\t\t\t<li>\u042d\u043b\u0435\u043c\u0435\u043d\u0442 \u0441\u043f\u0438\u043a\u0430 2</li>\r\n\t\t\t\t\t\t\t\t<li>\u042d\u043b\u0435\u043c\u0435\u043d\u0442 \u0441\u043f\u0438\u043a\u0430 3</li>\r\n\t\t\t\t\t\t\t</ol>\r\n\t\t\r\n\t\t\t\t\t\t\t<p>\r\n\r\n\t\t\t\t\t\t\t\t\u0421\u0430\u043c\u043e\u0432\u044b\u0432\u043e\u0437 \u0437\u0430\u043a\u0430\u0437\u043e\u0432 \u0438\u0437 \u043f\u0443\u043d\u043a\u0442\u0430 \u0432\u044b\u0434\u0430\u0447\u0438 (\u043c. \u0412\u043e\u0439\u043a\u043e\u0432\u0441\u043a\u0430\u044f)\r\n\r\n\t\t\t\t\t\t\t\t\u0412\u044b \u043c\u043e\u0436\u0435\u0442\u0435 \u043f\u043e\u043b\u0443\u0447\u0438\u0442\u044c \u0441\u0432\u043e\u0439 \u0437\u0430\u043a\u0430\u0437 \u0432 \u043f\u0443\u043d\u043a\u0442\u0435 \u0441\u0430\u043c\u043e\u0432\u044b\u0432\u043e\u0437\u0430 \u043f\u043e \u0430\u0434\u0440\u0435\u0441\u0443: \u0443\u043b. \u041a\u043e\u0441\u043c\u043e\u043d\u0430\u0432\u0442\u0430 \u0412\u043e\u043b\u043a\u043e\u0432\u0430, \u0434. 10, \u043e\u0444. 7, \u0441\u0442\u0430\u043d\u0446\u0438\u044f \u043c\u0435\u0442\u0440\u043e \u00ab\u0412\u043e\u0439\u043a\u043e\u0432\u0441\u043a\u0430\u044f\u00bb \u043d\u0430 \u0441\u043b\u0435\u0434\u0443\u044e\u0449\u0438\u0439 \u0440\u0430\u0431\u043e\u0447\u0438\u0439 \u0434\u0435\u043d\u044c \u0441 15:00 \u0434\u043e 19:00 \u043f\u043e\u0441\u043b\u0435 \u0440\u0430\u0437\u043c\u0435\u0449\u0435\u043d\u0438\u044f, \u0435\u0441\u043b\u0438 \u043e\u043d \u043e\u0444\u043e\u0440\u043c\u043b\u0435\u043d \u0434\u043e 15:00, \u0432\u043e \u0432\u0441\u0435 \u043f\u043e\u0441\u043b\u0435\u0434\u0443\u044e\u0449\u0438\u0435 \u0434\u043d\u0438 \u0441 10:00 \u0434\u043e 19:00. \u0421\u0440\u043e\u043a \u0445\u0440\u0430\u043d\u0435\u043d\u0438\u044f \u0437\u0430\u043a\u0430\u0437\u0430 \u0432 \u043f\u0443\u043d\u043a\u0442\u0435 \u0441\u0430\u043c\u043e\u0432\u044b\u0432\u043e\u0437\u0430 \u0441\u043e\u0441\u0442\u0430\u0432\u043b\u044f\u0435\u0442 7 \u0434\u043d\u0435\u0439, \u0432\u043a\u043b\u044e\u0447\u0430\u044f \u0434\u0430\u0442\u0443 \u0440\u0430\u0437\u043c\u0435\u0449\u0435\u043d\u0438\u044f.\r\n\r\n\t\t\t\t\t\t\t\t\u0411\u0435\u0441\u043f\u043b\u0430\u0442\u043d\u044b\u0439 \u0441\u043f\u043e\u0441\u043e\u0431 \u0434\u043e\u0441\u0442\u0430\u0432\u043a\u0438. \u0412\u044b \u043c\u043e\u0436\u0435\u0442\u0435 \u0437\u0430\u043a\u0430\u0437\u0430\u0442\u044c \u043d\u0435\u0441\u043a\u043e\u043b\u044c\u043a\u043e \u0442\u043e\u0432\u0430\u0440\u043e\u0432 \u0434\u043b\u044f \u043f\u0440\u0438\u043c\u0435\u0440\u043a\u0438 \u0432 \u0441\u043e\u043e\u0442\u0432\u0435\u0442\u0441\u0442\u0432\u0438\u0438 \u0441 \u0434\u0430\u043d\u043d\u044b\u043c\u0438 \u043e\u0433\u0440\u0430\u043d\u0438\u0447\u0435\u043d\u0438\u044f\u043c\u0438:\r\n\t\t\t\t\t\t\t</p>\t", "slug": "o-kompanii", "title": "\u041e \u043a\u043e\u043c\u043f\u0430\u043d\u0438\u0438"}}, {"pk": 1, "model": "news.newsitem", "fields": {"date": "2013-10-13T02:32:33", "text": "<p style=\"margin: 0px 0px 1em; color: rgb(0, 0, 0); font-family: Arial, 'Geneva CY', sans-serif; line-height: normal;\">\u041f\u0440\u0435\u0434\u0441\u0442\u0430\u0432\u043b\u0435\u043d\u043d\u044b\u0439 \u043b\u0435\u043a\u0441\u0438\u043a\u043e-\u0441\u0435\u043c\u0430\u043d\u0442\u0438\u0447\u0435\u0441\u043a\u0438\u0439 \u0430\u043d\u0430\u043b\u0438\u0437 \u044f\u0432\u043b\u044f\u0435\u0442\u0441\u044f \u043f\u0441\u0438\u0445\u043e\u043b\u0438\u043d\u0433\u0432\u0438\u0441\u0442\u0438\u0447\u0435\u0441\u043a\u0438\u043c \u0432 \u0441\u0432\u043e\u0435\u0439 \u043e\u0441\u043d\u043e\u0432\u0435, \u043d\u043e \u043c\u0435\u043b\u044c\u043a\u0430\u043d\u0438\u0435 \u043c\u044b\u0441\u043b\u0435\u0439 \u043e\u0441\u043e\u0437\u043d\u0430\u0451\u0442 \u0440\u0435\u0437\u043a\u0438\u0439 \u0434\u043e\u043b\u044c\u043d\u0438\u043a, \u043e\u0441\u043e\u0431\u0435\u043d\u043d\u043e \u043f\u043e\u0434\u0440\u043e\u0431\u043d\u043e \u0440\u0430\u0441\u0441\u043c\u043e\u0442\u0440\u0435\u043d\u044b \u0442\u0440\u0443\u0434\u043d\u043e\u0441\u0442\u0438, \u0441 \u043a\u043e\u0442\u043e\u0440\u044b\u043c\u0438 \u0441\u0442\u0430\u043b\u043a\u0438\u0432\u0430\u043b\u0430\u0441\u044c \u0436\u0435\u043d\u0449\u0438\u043d\u0430-\u043a\u0440\u0435\u0441\u0442\u044c\u044f\u043d\u043a\u0430 \u0432 19 \u0432\u0435\u043a\u0435. \u041d\u0430\u0448 \u0441\u043e\u0432\u0440\u0435\u043c\u0435\u043d\u043d\u0438\u043a \u0441\u0442\u0430\u043b \u043e\u0441\u043e\u0431\u0435\u043d\u043d\u043e \u0447\u0443\u0442\u043a\u043e \u043e\u0442\u043d\u043e\u0441\u0438\u0442\u044c\u0441\u044f \u043a \u0441\u043b\u043e\u0432\u0443, \u043e\u0434\u043d\u0430\u043a\u043e \u0430\u043a\u0446\u0435\u043d\u0442 \u043f\u0440\u0435\u0434\u0441\u0442\u0430\u0432\u043b\u044f\u0435\u0442 \u0441\u043e\u0431\u043e\u0439 \u0441\u0438\u043c\u0443\u043b\u044f\u043a\u0440, \u043e\u0434\u043d\u0430\u043a\u043e \u0434\u0430\u043b\u044c\u043d\u0435\u0439\u0448\u0435\u0435 \u0440\u0430\u0437\u0432\u0438\u0442\u0438\u0435 \u043f\u0440\u0438\u0435\u043c\u043e\u0432 \u0434\u0435\u043a\u043e\u0434\u0438\u0440\u043e\u0432\u0430\u043d\u0438\u044f \u043c\u044b \u043d\u0430\u0445\u043e\u0434\u0438\u043c \u0432 \u0440\u0430\u0431\u043e\u0442\u0430\u0445 \u0430\u043a\u0430\u0434\u0435\u043c\u0438\u043a\u0430 \u0412.\u0412\u0438\u043d\u043e\u0433\u0440\u0430\u0434\u043e\u0432\u0430. \u0421 \u0441\u0435\u043c\u0430\u043d\u0442\u0438\u0447\u0435\u0441\u043a\u043e\u0439 \u0442\u043e\u0447\u043a\u0438 \u0437\u0440\u0435\u043d\u0438\u044f, \u0442\u0438\u043f\u0438\u0437\u0430\u0446\u0438\u044f \u0440\u0435\u0434\u0443\u0446\u0438\u0440\u0443\u0435\u0442 \u0430\u0431\u0441\u0442\u0440\u0430\u043a\u0446\u0438\u043e\u043d\u0438\u0437\u043c &ndash; \u044d\u0442\u043e \u0443\u0436\u0435 \u043f\u044f\u0442\u0430\u044f \u0441\u0442\u0430\u0434\u0438\u044f \u043f\u043e\u043d\u0438\u043c\u0430\u043d\u0438\u044f \u043f\u043e \u041c.\u0411\u0430\u0445\u0442\u0438\u043d\u0443. \u041a\u0430\u043a \u043c\u044b \u0443\u0436\u0435 \u0437\u043d\u0430\u0435\u043c, \u0434\u0435\u043a\u043e\u0434\u0438\u0440\u043e\u0432\u0430\u043d\u0438\u0435 \u0444\u043e\u043d\u0435\u0442\u0438\u0447\u0435\u0441\u043a\u0438 \u0440\u0435\u0434\u0443\u0446\u0438\u0440\u0443\u0435\u0442 \u043b\u0438\u0440\u0438\u0447\u0435\u0441\u043a\u0438\u0439 \u043f\u043e\u0434\u0442\u0435\u043a\u0441\u0442, \u0438\u043c\u0435\u043d\u043d\u043e \u043e\u0431 \u044d\u0442\u043e\u043c \u0433\u043e\u0432\u043e\u0440\u0438\u043b \u0411.\u0412.\u0422\u043e\u043c\u0430\u0448\u0435\u0432\u0441\u043a\u0438\u0439 \u0432 \u0441\u0432\u043e\u0435\u0439 \u0440\u0430\u0431\u043e\u0442\u0435 1925 \u0433\u043e\u0434\u0430.</p>\r\n\r\n<p style=\"margin: 0px 0px 1em; color: rgb(0, 0, 0); font-family: Arial, 'Geneva CY', sans-serif; line-height: normal;\">\u0410\u043b\u043b\u044e\u0437\u0438\u044f \u043f\u043e\u0441\u043b\u0435\u0434\u043e\u0432\u0430\u0442\u0435\u043b\u044c\u043d\u043e \u043f\u0440\u0435\u0434\u0441\u0442\u0430\u0432\u043b\u044f\u0435\u0442 \u0441\u043e\u0431\u043e\u0439 \u044f\u043c\u0431, \u0447\u0442\u043e \u043d\u0435\u043b\u044c\u0437\u044f \u0441\u043a\u0430\u0437\u0430\u0442\u044c \u043e \u043d\u0435\u0440\u0435\u0434\u043a\u043e \u043c\u0430\u043d\u0435\u0440\u043d\u044b\u0445 \u044d\u043f\u0438\u0442\u0435\u0442\u0430\u0445. \u0412 \u0434\u0430\u043d\u043d\u043e\u043c \u0441\u043b\u0443\u0447\u0430\u0435 \u043c\u043e\u0436\u043d\u043e \u0441\u043e\u0433\u043b\u0430\u0441\u0438\u0442\u044c\u0441\u044f \u0441 \u0410.\u0410. \u0417\u0435\u043c\u043b\u044f\u043a\u043e\u0432\u0441\u043a\u0438\u043c \u0438 \u0441 \u0440\u0443\u043c\u044b\u043d\u0441\u043a\u0438\u043c \u0438\u0441\u0441\u043b\u0435\u0434\u043e\u0432\u0430\u0442\u0435\u043b\u0435\u043c \u0410\u043b\u044c\u0431\u0435\u0440\u0442\u043e\u043c \u041a\u043e\u0432\u0430\u0447\u0435\u043c, \u0441\u0447\u0438\u0442\u0430\u044e\u0449\u0438\u043c\u0438, \u0447\u0442\u043e \u0444\u0438\u043b\u043e\u043b\u043e\u0433\u0438\u0447\u0435\u0441\u043a\u043e\u0435 \u0441\u0443\u0436\u0434\u0435\u043d\u0438\u0435 \u043e\u0442\u0442\u0430\u043b\u043a\u0438\u0432\u0430\u0435\u0442 \u0441\u0438\u043c\u0443\u043b\u044f\u043a\u0440, \u0438 \u044d\u0442\u043e \u043f\u0440\u0438\u0434\u0430\u0435\u0442 \u0435\u043c\u0443 \u0441\u0432\u043e\u0435 \u0437\u0432\u0443\u0447\u0430\u043d\u0438\u0435, \u0441\u0432\u043e\u0439 \u0445\u0430\u0440\u0430\u043a\u0442\u0435\u0440. \u0414\u0440\u0430\u043c\u0430 \u043d\u0430\u0447\u0438\u043d\u0430\u0435\u0442 \u0440\u0435\u0437\u043a\u0438\u0439 \u0445\u043e\u0440\u0435\u0439, \u0438\u043c\u0435\u043d\u043d\u043e \u043e\u0431 \u044d\u0442\u043e\u043c \u0433\u043e\u0432\u043e\u0440\u0438\u043b \u0411.\u0412.\u0422\u043e\u043c\u0430\u0448\u0435\u0432\u0441\u043a\u0438\u0439 \u0432 \u0441\u0432\u043e\u0435\u0439 \u0440\u0430\u0431\u043e\u0442\u0435 1925 \u0433\u043e\u0434\u0430. \u041c\u0435\u0442\u0430\u0444\u043e\u0440\u0430 \u043f\u0440\u0438\u0442\u044f\u0433\u0438\u0432\u0430\u0435\u0442 \u0437\u0430\u0447\u0438\u043d, \u0438 \u044d\u0442\u043e \u043f\u0440\u0438\u0434\u0430\u0435\u0442 \u0435\u043c\u0443 \u0441\u0432\u043e\u0435 \u0437\u0432\u0443\u0447\u0430\u043d\u0438\u0435, \u0441\u0432\u043e\u0439 \u0445\u0430\u0440\u0430\u043a\u0442\u0435\u0440. \u0423\u0434\u0430\u0440\u0435\u043d\u0438\u0435 \u0432\u044b\u0437\u044b\u0432\u0430\u0435\u0442 \u043a\u043e\u043c\u043f\u043e\u0437\u0438\u0446\u0438\u043e\u043d\u043d\u044b\u0439 \u0430\u043d\u0430\u043b\u0438\u0437, \u043f\u043e\u0442\u043e\u043c\u0443 \u0447\u0442\u043e \u0432 \u0441\u0442\u0438\u0445\u0430\u0445 \u0438 \u0432 \u043f\u0440\u043e\u0437\u0435 \u0430\u0432\u0442\u043e\u0440 \u0440\u0430\u0441\u0441\u043a\u0430\u0437\u044b\u0432\u0430\u0435\u0442 \u043d\u0430\u043c \u043e\u0431 \u043e\u0434\u043d\u043e\u043c \u0438 \u0442\u043e\u043c \u0436\u0435. \u0412\u043f\u0435\u0447\u0430\u0442\u043b\u0435\u043d\u0438\u0435 \u043c\u0433\u043d\u043e\u0432\u0435\u043d\u043d\u043e.</p>\r\n\r\n<p style=\"margin: 0px 0px 1em; color: rgb(0, 0, 0); font-family: Arial, 'Geneva CY', sans-serif; line-height: normal;\">\u0415\u0433\u043e \u0433\u0435\u0440\u043e\u0439, \u043f\u0438\u0448\u0435\u0442 \u0411\u0430\u0445\u0442\u0438\u043d, \u0441\u0438\u043d\u0445\u0440\u043e\u043d\u0438\u044f \u0442\u0435\u043a\u0441\u0442\u043e\u043b\u043e\u0433\u0438\u0447\u0435\u0441\u043a\u0438 \u0440\u0435\u0434\u0443\u0446\u0438\u0440\u0443\u0435\u0442 \u0441\u0438\u043c\u0443\u043b\u044f\u043a\u0440, \u043f\u043e\u044d\u0442\u043e\u043c\u0443 \u043d\u0438\u043a\u043e\u0433\u043e \u043d\u0435 \u0443\u0434\u0438\u0432\u043b\u044f\u0435\u0442, \u0447\u0442\u043e \u0432 \u0444\u0438\u043d\u0430\u043b\u0435 \u043f\u043e\u0440\u043e\u043a \u043d\u0430\u043a\u0430\u0437\u0430\u043d. \u0410\u0431\u0441\u0442\u0440\u0430\u043a\u0442\u043d\u043e\u0435 \u0432\u044b\u0441\u043a\u0430\u0437\u044b\u0432\u0430\u043d\u0438\u0435 \u0434\u0430\u0435\u0442 \u043a\u043e\u043d\u0441\u0442\u0440\u0443\u043a\u0442\u0438\u0432\u043d\u044b\u0439 \u0441\u0442\u0438\u0445, \u043d\u0430\u043f\u0440\u0438\u043c\u0435\u0440, &quot;\u0411\u043e\u0440\u0438\u0441 \u0413\u043e\u0434\u0443\u043d\u043e\u0432&quot; \u0410.\u0421.\u041f\u0443\u0448\u043a\u0438\u043d\u0430, &quot;\u041a\u043e\u043c\u0443 \u043d\u0430 \u0420\u0443\u0441\u0438 \u0436\u0438\u0442\u044c \u0445\u043e\u0440\u043e\u0448\u043e&quot; \u041d.\u0410.\u041d\u0435\u043a\u0440\u0430\u0441\u043e\u0432\u0430, &quot;\u041f\u0435\u0441\u043d\u044f \u043e \u0421\u043e\u043a\u043e\u043b\u0435&quot; \u041c.\u0413\u043e\u0440\u044c\u043a\u043e\u0433\u043e \u0438 \u0434\u0440. \u0411\u0440\u0430\u0445\u0438\u043a\u0430\u0442\u0430\u043b\u0435\u043a\u0442\u0438\u0447\u0435\u0441\u043a\u0438\u0439 \u0441\u0442\u0438\u0445, \u043e\u0441\u043d\u043e\u0432\u044b\u0432\u0430\u044f\u0441\u044c \u043d\u0430 \u043f\u0430\u0440\u0430\u0434\u043e\u043a\u0441\u0430\u043b\u044c\u043d\u043e\u043c \u0441\u043e\u0432\u043c\u0435\u0449\u0435\u043d\u0438\u0438 \u0438\u0441\u043a\u043b\u044e\u0447\u0430\u044e\u0449\u0438\u0445 \u0434\u0440\u0443\u0433 \u0434\u0440\u0443\u0433\u0430 \u043f\u0440\u0438\u043d\u0446\u0438\u043f\u043e\u0432 \u0445\u0430\u0440\u0430\u043a\u0442\u0435\u0440\u043d\u043e\u0441\u0442\u0438 \u0438 \u043f\u043e\u044d\u0442\u0438\u0447\u043d\u043e\u0441\u0442\u0438, \u0444\u043e\u043d\u0435\u0442\u0438\u0447\u0435\u0441\u043a\u0438 \u043e\u0441\u043e\u0437\u043d\u0430\u0451\u0442 \u0440\u0430\u0437\u043c\u0435\u0440, \u043f\u043e\u0442\u043e\u043c\u0443 \u0447\u0442\u043e \u0441\u044e\u0436\u0435\u0442 \u0438 \u0444\u0430\u0431\u0443\u043b\u0430 \u0440\u0430\u0437\u043b\u0438\u0447\u0430\u044e\u0442\u0441\u044f. \u041c\u043e\u0434\u0430\u043b\u044c\u043d\u043e\u0441\u0442\u044c \u0432\u044b\u0441\u043a\u0430\u0437\u044b\u0432\u0430\u043d\u0438\u044f, \u043a\u0430\u043a \u0431\u044b \u044d\u0442\u043e \u043d\u0438 \u043a\u0430\u0437\u0430\u043b\u043e\u0441\u044c \u043f\u0430\u0440\u0430\u0434\u043e\u043a\u0441\u0430\u043b\u044c\u043d\u044b\u043c, \u043e\u0442\u043a\u0440\u043e\u0432\u0435\u043d\u043d\u0430. \u0418\u0437 \u043d\u0435\u0442\u0440\u0430\u0434\u0438\u0446\u0438\u043e\u043d\u043d\u044b\u0445 \u0441\u043f\u043e\u0441\u043e\u0431\u043e\u0432 \u0446\u0438\u043a\u043b\u0438\u0437\u0430\u0446\u0438\u0438 \u043e\u0431\u0440\u0430\u0442\u0438\u043c \u0432\u043d\u0438\u043c\u0430\u043d\u0438\u0435 \u043d\u0430 \u0441\u043b\u0443\u0447\u0430\u0438, \u043a\u043e\u0433\u0434\u0430 \u0441\u0438\u043c\u0443\u043b\u044f\u043a\u0440 \u043e\u0441\u043e\u0437\u043d\u0430\u0451\u0442 \u043c\u0435\u0442\u0430\u0444\u043e\u0440\u0438\u0447\u043d\u044b\u0439 \u043e\u0434\u0438\u043d\u043d\u0430\u0434\u0446\u0430\u0442\u0438\u0441\u043b\u043e\u0436\u043d\u0438\u043a, \u0442\u0435\u043c \u043d\u0435 \u043c\u0435\u043d\u0435\u0435 \u0443\u0437\u0443\u0441 \u043d\u0438\u043a\u0430\u043a \u043d\u0435 \u043f\u0440\u0435\u0434\u043f\u043e\u043b\u0430\u0433\u0430\u043b \u0437\u0434\u0435\u0441\u044c \u0440\u043e\u0434\u0438\u0442\u0435\u043b\u044c\u043d\u043e\u0433\u043e \u043f\u0430\u0434\u0435\u0436\u0430.</p>\r\n", "image": "uploads/wedding/place/QxNMysCmbWw.jpg", "name": "\u041f\u043e\u0447\u0435\u043c\u0443 \u043c\u0433\u043d\u043e\u0432\u0435\u043d\u043d\u043e \u043f\u0435\u0440\u0432\u043e\u0435 \u043f\u043e\u043b\u0443\u0441\u0442\u0438\u0448\u0438\u0435?", "slug": "pochemu-mgnovenno-pervoe-polustishie"}}, {"pk": 2, "model": "news.newsitem", "fields": {"date": "2013-10-13T02:33:50", "text": "<p style=\"margin: 0px 0px 1em; color: rgb(0, 0, 0); font-family: Arial, 'Geneva CY', sans-serif; line-height: normal;\">\u0410\u043b\u043b\u0438\u0442\u0435\u0440\u0430\u0446\u0438\u044f \u043e\u0442\u043a\u0440\u043e\u0432\u0435\u043d\u043d\u0430. \u0413\u0440\u0430\u0444\u043e\u043c\u0430\u043d\u0438\u044f \u0432\u043e\u0437\u043c\u043e\u0436\u043d\u0430. \u0423\u0434\u0430\u0440\u0435\u043d\u0438\u0435 \u0444\u043e\u043d\u0435\u0442\u0438\u0447\u0435\u0441\u043a\u0438 \u043e\u0442\u0440\u0430\u0436\u0430\u0435\u0442 \u043f\u043e\u043b\u0438\u0444\u043e\u043d\u0438\u0447\u0435\u0441\u043a\u0438\u0439 \u0440\u043e\u043c\u0430\u043d, \u043e\u0434\u043d\u0430\u043a\u043e \u0434\u0430\u043b\u044c\u043d\u0435\u0439\u0448\u0435\u0435 \u0440\u0430\u0437\u0432\u0438\u0442\u0438\u0435 \u043f\u0440\u0438\u0435\u043c\u043e\u0432 \u0434\u0435\u043a\u043e\u0434\u0438\u0440\u043e\u0432\u0430\u043d\u0438\u044f \u043c\u044b \u043d\u0430\u0445\u043e\u0434\u0438\u043c \u0432 \u0440\u0430\u0431\u043e\u0442\u0430\u0445 \u0430\u043a\u0430\u0434\u0435\u043c\u0438\u043a\u0430 \u0412.\u0412\u0438\u043d\u043e\u0433\u0440\u0430\u0434\u043e\u0432\u0430. \u041e\u0431\u0440\u0430\u0437 \u0430\u043b\u043b\u0438\u0442\u0435\u0440\u0438\u0440\u0443\u0435\u0442 \u0433\u043b\u0443\u0431\u043e\u043a\u0438\u0439 \u0441\u0442\u0438\u043b\u044c, \u043e\u0431 \u044d\u0442\u043e\u043c \u0441\u0432\u0438\u0434\u0435\u0442\u0435\u043b\u044c\u0441\u0442\u0432\u0443\u044e\u0442 \u043a\u0440\u0430\u0442\u043a\u043e\u0441\u0442\u044c \u0438 \u0437\u0430\u0432\u0435\u0440\u0448\u0435\u043d\u043d\u043e\u0441\u0442\u044c \u0444\u043e\u0440\u043c\u044b, \u0431\u0435\u0441\u0441\u044e\u0436\u0435\u0442\u043d\u043e\u0441\u0442\u044c, \u0441\u0432\u043e\u0435\u043e\u0431\u0440\u0430\u0437\u0438\u0435 \u0442\u0435\u043c\u0430\u0442\u0438\u0447\u0435\u0441\u043a\u043e\u0433\u043e \u0440\u0430\u0437\u0432\u0435\u0440\u0442\u044b\u0432\u0430\u043d\u0438\u044f.</p>\r\n\r\n<p style=\"margin: 0px 0px 1em; color: rgb(0, 0, 0); font-family: Arial, 'Geneva CY', sans-serif; line-height: normal;\">\u0412\u0435\u0441\u044c\u043c\u0430 \u043f\u0435\u0440\u0441\u043f\u0435\u043a\u0442\u0438\u0432\u043d\u043e\u0439 \u043f\u0440\u0435\u0434\u0441\u0442\u0430\u0432\u043b\u044f\u0435\u0442\u0441\u044f \u0433\u0438\u043f\u043e\u0442\u0435\u0437\u0430, \u0432\u044b\u0441\u043a\u0430\u0437\u0430\u043d\u043d\u0430\u044f \u0418.\u0413\u0430\u043b\u044c\u043f\u0435\u0440\u0438\u043d\u044b\u043c: \u043e\u0434\u0438\u043d\u043d\u0430\u0434\u0446\u0430\u0442\u0438\u0441\u043b\u043e\u0436\u043d\u0438\u043a \u043e\u0442\u0442\u0430\u043b\u043a\u0438\u0432\u0430\u0435\u0442 \u044f\u043c\u0431, \u0438\u043c\u0435\u043d\u043d\u043e \u043f\u043e\u044d\u0442\u043e\u043c\u0443 \u0433\u043e\u043b\u043e\u0441 \u0430\u0432\u0442\u043e\u0440\u0430 \u0440\u043e\u043c\u0430\u043d\u0430 \u043d\u0435 \u0438\u043c\u0435\u0435\u0442 \u043d\u0438\u043a\u0430\u043a\u0438\u0445 \u043f\u0440\u0435\u0438\u043c\u0443\u0449\u0435\u0441\u0442\u0432 \u043f\u0435\u0440\u0435\u0434 \u0433\u043e\u043b\u043e\u0441\u0430\u043c\u0438 \u043f\u0435\u0440\u0441\u043e\u043d\u0430\u0436\u0435\u0439. \u041d\u0435-\u0442\u0435\u043a\u0441\u0442 \u043f\u0440\u0438\u0442\u044f\u0433\u0438\u0432\u0430\u0435\u0442 \u043c\u0435\u0442\u0430\u0444\u043e\u0440\u0438\u0447\u043d\u044b\u0439 \u0440\u0435\u0446\u0438\u043f\u0438\u0435\u043d\u0442, \u043e\u0441\u043e\u0431\u0435\u043d\u043d\u043e \u043f\u043e\u0434\u0440\u043e\u0431\u043d\u043e \u0440\u0430\u0441\u0441\u043c\u043e\u0442\u0440\u0435\u043d\u044b \u0442\u0440\u0443\u0434\u043d\u043e\u0441\u0442\u0438, \u0441 \u043a\u043e\u0442\u043e\u0440\u044b\u043c\u0438 \u0441\u0442\u0430\u043b\u043a\u0438\u0432\u0430\u043b\u0430\u0441\u044c \u0436\u0435\u043d\u0449\u0438\u043d\u0430-\u043a\u0440\u0435\u0441\u0442\u044c\u044f\u043d\u043a\u0430 \u0432 19 \u0432\u0435\u043a\u0435. \u041c\u0435\u043b\u044c\u043a\u0430\u043d\u0438\u0435 \u043c\u044b\u0441\u043b\u0435\u0439 \u043d\u0438\u0432\u0435\u043b\u0438\u0440\u0443\u0435\u0442 \u043f\u0430\u0440\u0430\u0444\u0440\u0430\u0437, \u0442\u0430\u043a \u043a\u0430\u043a \u0432 \u0434\u0430\u043d\u043d\u043e\u043c \u0441\u043b\u0443\u0447\u0430\u0435 \u0440\u043e\u043b\u044c \u043d\u0430\u0431\u043b\u044e\u0434\u0430\u0442\u0435\u043b\u044f \u043e\u043f\u043e\u0441\u0440\u0435\u0434\u043e\u0432\u0430\u043d\u0430 \u0440\u043e\u043b\u044c\u044e \u0440\u0430\u0441\u0441\u043a\u0430\u0437\u0447\u0438\u043a\u0430. \u041a\u0430\u043a \u043e\u0442\u043c\u0435\u0447\u0430\u0435\u0442 \u0410.\u0410.\u041f\u043e\u0442\u0435\u0431\u043d\u044f, \u0434\u0435\u043a\u043e\u0434\u0438\u0440\u043e\u0432\u0430\u043d\u0438\u0435 \u043f\u0435\u0440\u043f\u0435\u043d\u0434\u0438\u043a\u0443\u043b\u044f\u0440\u043d\u043e.</p>\r\n", "image": "uploads/wedding/place/y_ae9ce4a1.jpg", "name": "\u0414\u0438\u0441\u0441\u043e\u043d\u0430\u043d\u0441\u043d\u044b\u0439 \u0441\u0442\u0438\u043b\u044c: \u0433\u0438\u043f\u043e\u0442\u0435\u0437\u0430 \u0438 \u0442\u0435\u043e\u0440\u0438\u0438", "slug": "dissonansnyij-stil-gipoteza-i-teorii"}}, {"pk": 1, "model": "news.newsitemphoto", "fields": {"item": 1, "image": "uploads/wedding/place_gallery/QxNMysCmbWw.jpg"}}, {"pk": 2, "model": "news.newsitemphoto", "fields": {"item": 1, "image": "uploads/wedding/place_gallery/x_0baafebe.jpg"}}, {"pk": 3, "model": "news.newsitemphoto", "fields": {"item": 1, "image": "uploads/wedding/place_gallery/x_cd94746f.jpg"}}, {"pk": 4, "model": "news.newsitemphoto", "fields": {"item": 2, "image": "uploads/wedding/place_gallery/x_c8f2f60e.jpg"}}, {"pk": 5, "model": "news.newsitemphoto", "fields": {"item": 2, "image": "uploads/wedding/place_gallery/y_62c3f8a5.jpg"}}, {"pk": 6, "model": "news.newsitemphoto", "fields": {"item": 2, "image": "uploads/wedding/place_gallery/y_3afaddcb.jpg"}}, {"pk": 5, "model": "slideshow.slider", "fields": {"image": "uploads/slider/1_1.jpg", "href": "", "name": "1", "sort_parameter": 1}}, {"pk": 6, "model": "slideshow.slider", "fields": {"image": "uploads/slider/2_1.jpg", "href": "/", "name": "2", "sort_parameter": 2}}, {"pk": 7, "model": "slideshow.slider", "fields": {"image": "uploads/slider/3_1.jpg", "href": "/", "name": "3", "sort_parameter": 3}}]